agency_id,vehicle_id,license_plate,make,model,owner,propulsion,emission_class,registration_date,capacity_seated,capacity_standing,passenger_counting,wheelchair_accessible,bikes_allowed
41,1100,AL-23-VT,MERCEDES,CONECTO,ALVORADA,2,0,20181212,29,28,0,1,1
41,1101,AL-92-VS,MERCEDES,CONECTO,ALVORADA,2,0,20211215,29,28,0,1,1
41,1102,AL-60-VT,MERCEDES,CONECTO,ALVORADA,2,0,20211215,29,28,0,1,1
41,1103,AL-80-VS,MERCEDES,CONECTO,ALVORADA,2,0,20211215,29,28,1,1,1
41,1104,AL-06-VT,MERCEDES,CONECTO,ALVORADA,2,0,20211215,29,28,0,1,1
41,1105,AL-27-VT,MERCEDES,CONECTO,ALVORADA,2,0,20211215,29,28,0,1,1
41,1106,AL-35-VT,MERCEDES,CONECTO,ALVORADA,2,0,20211215,29,28,1,1,1
41,1107,AL-34-VT,MERCEDES,CONECTO,ALVORADA,2,0,20211215,29,28,0,1,1
41,1108,AL-46-VT,MERCEDES,CONECTO,ALVORADA,2,0,20211215,29,28,1,1,1
41,1109,AL-11-VT,MERCEDES,CONECTO,ALVORADA,2,0,20211215,29,28,0,1,1
41,1110,AL-99-VS,MERCEDES,CONECTO,ALVORADA,2,0,20211215,29,28,0,1,1
41,1111,AL-88-VS,MERCEDES,CONECTO,ALVORADA,2,0,20211215,29,28,0,1,1
41,1112,AL-71-VT,MERCEDES,CONECTO,ALVORADA,2,0,20211215,29,28,0,1,1
41,1113,AL-86-VS,MERCEDES,CONECTO,ALVORADA,2,0,20211215,29,28,0,1,1
41,1114,AL-54-VT,MERCEDES,CONECTO,ALVORADA,2,0,20211215,29,28,1,1,1
41,1115,AL-19-VT,MERCEDES,CONECTO,ALVORADA,2,0,20211215,29,28,0,1,1
41,1116,AL-38-VT,MERCEDES,CONECTO,ALVORADA,2,0,20211215,29,28,0,1,1
41,1117,AL-39-VT,MERCEDES,CONECTO,ALVORADA,2,0,20211215,29,28,0,1,1
41,1118,AL-36-VT,MERCEDES,CONECTO,ALVORADA,2,0,20211215,29,28,0,1,1
41,1119,AL-21-VT,MERCEDES,CONECTO,ALVORADA,2,0,20211215,29,28,0,1,1
41,1120,AL-56-VT,MERCEDES,CONECTO,ALVORADA,2,0,20211215,29,28,1,1,1
41,1121,AL-58-VT,MERCEDES,CONECTO,ALVORADA,2,0,20211215,29,28,0,1,1
41,1122,AL-20-VT,MERCEDES,CONECTO,ALVORADA,2,0,20211215,29,28,1,1,1
41,1123,AL-91-VS,MERCEDES,CONECTO,ALVORADA,2,0,20211215,29,28,0,1,1
41,1124,AL-76-VT,MERCEDES,CONECTO,ALVORADA,2,0,20211215,29,28,0,1,1
41,1125,AL-47-VT,MERCEDES,CONECTO,ALVORADA,2,0,20211215,29,28,0,1,1
41,1126,AL-82-VS,MERCEDES,CONECTO,ALVORADA,2,0,20211215,29,28,0,1,1
41,1127,AL-15-VT,MERCEDES,CONECTO,ALVORADA,2,0,20211215,29,28,1,1,1
41,1128,AL-53-VT,MERCEDES,CONECTO,ALVORADA,2,0,20211215,29,28,0,1,1
41,1129,AL-04-VT,MERCEDES,CONECTO,ALVORADA,2,0,20211215,29,28,1,1,1
41,1130,AL-78-VS,MERCEDES,CONECTO,ALVORADA,2,0,20211215,29,28,0,1,1
41,1131,AL-90-VS,MERCEDES,CONECTO,ALVORADA,2,0,20211215,29,28,1,1,1
41,1132,AL-42-VT,MERCEDES,CONECTO,ALVORADA,2,0,20211215,29,28,0,1,1
41,1133,AL-30-VT,MERCEDES,CONECTO,ALVORADA,2,0,20230101,29,28,0,1,1
41,1134,AL-68-VT,MERCEDES,CONECTO,ALVORADA,2,0,20211215,29,28,0,1,1
41,1135,AQ-78-DS,MERCEDES,CONECTO,ALVORADA,2,0,20211215,29,28,1,1,1
41,1136,AQ-82-DS,MERCEDES,CONECTO,ALVORADA,2,0,20220405,29,28,1,1,1
41,1137,AQ-84-DS,MERCEDES,CONECTO,ALVORADA,2,0,20220405,29,28,1,1,1
41,1138,AQ-85-DS,MERCEDES,CONECTO,ALVORADA,2,0,20220405,29,28,1,1,1
41,1139,AQ-20-FI,MERCEDES,CONECTO,ALVORADA,2,0,20220405,29,28,0,1,1
41,1140,AQ-24-ME,MERCEDES,CONECTO,ALVORADA,2,0,20220519,29,28,0,1,1
41,1141,AQ-25-ME,MERCEDES,CONECTO,ALVORADA,2,0,20220426,29,28,0,1,1
41,1142,AQ-26-ME,MERCEDES,CONECTO,ALVORADA,2,0,20220426,29,28,0,1,1
41,1143,AQ-55-QI,MERCEDES,CONECTO,ALVORADA,2,0,20220426,29,28,0,1,1
41,1144,AQ-57-QI,MERCEDES,CONECTO,ALVORADA,2,0,20220503,29,28,0,1,1
41,1145,AQ-62-QI,MERCEDES,CONECTO,ALVORADA,2,0,20220503,29,28,0,1,1
41,1146,AQ-59-QI,MERCEDES,CONECTO,ALVORADA,2,0,20220503,29,28,0,1,1
41,1147,AQ-53-QI,MERCEDES,CONECTO,ALVORADA,2,0,20220503,29,28,0,1,1
41,1148,AQ-67-QI,MERCEDES,CONECTO,ALVORADA,2,0,20220503,29,28,0,1,1
41,1149,AQ-52-QI,MERCEDES,CONECTO,ALVORADA,2,0,20220503,29,28,0,1,1
41,1150,AQ-65-QI,MERCEDES,CONECTO,ALVORADA,2,0,20220503,29,28,0,1,1
41,1151,AQ-63-QI,MERCEDES,CONECTO,ALVORADA,2,0,20220503,29,28,0,1,1
41,1152,AQ-56-QI,MERCEDES,CONECTO,ALVORADA,2,0,20220503,29,28,0,1,1
41,1153,AR-77-AG,MERCEDES,CONECTO,ALVORADA,2,0,20230101,26,82,0,0,0
41,1154,AR-79-AG,MERCEDES,CONECTO,ALVORADA,2,0,20230101,26,82,0,0,0
41,1155,AR-88-AG,MERCEDES,CONECTO,ALVORADA,2,0,20230101,26,82,0,0,0
41,1156,AR-96-AG,MERCEDES,CONECTO,ALVORADA,2,0,20230101,26,82,0,0,0
41,1157,AR-76-DZ,MERCEDES,CONECTO,ALVORADA,2,0,20230101,26,82,0,0,0
41,1158,AR-86-AG,MERCEDES,CONECTO,ALVORADA,2,0,20230101,26,82,0,0,0
41,1159,AR-73-DA,MERCEDES,CONECTO,ALVORADA,2,0,20230101,26,82,0,0,0
41,1160,AR-90-AG,MERCEDES,CONECTO,ALVORADA,2,0,20230101,26,82,0,0,0
41,1161,AR-99-PG,MERCEDES,CONECTO,ALVORADA,2,0,20230101,26,82,0,0,0
41,1162,AR-74-DZ,MERCEDES,CONECTO,ALVORADA,2,0,20230101,26,82,0,0,0
41,1163,AR-69-LX,MERCEDES,CONECTO,ALVORADA,2,0,20230101,26,82,0,0,0
41,1164,AR-68-EV,MERCEDES,CONECTO,ALVORADA,2,0,20230101,26,82,0,0,0
41,1165,AR-71-DA,MERCEDES,CONECTO,ALVORADA,2,0,20230101,26,82,0,0,0
41,1166,AR-72-EV,MERCEDES,CONECTO,ALVORADA,2,0,20230101,26,82,0,0,0
41,1167,AR-84-DA,MERCEDES,CONECTO,ALVORADA,2,0,20230101,26,82,0,0,0
41,1168,AR-92-AG,MERCEDES,CONECTO,ALVORADA,2,0,20230101,26,82,0,0,0
41,1169,AR-62-EV,MERCEDES,CONECTO,ALVORADA,2,0,20230101,26,82,0,0,0
41,1170,AR-67-EV,MERCEDES,CONECTO,ALVORADA,2,0,20230101,26,82,0,0,0
41,1171,AR-71-EV,MERCEDES,CONECTO,ALVORADA,2,0,20230101,26,82,0,0,0
41,1172,AR-73-EV,MERCEDES,CONECTO,ALVORADA,2,0,20230101,26,82,0,0,0
41,1173,AR-75-EV,MERCEDES,CONECTO,ALVORADA,2,0,20230101,26,82,0,0,0
41,1174,AR-81-EV,MERCEDES,CONECTO,ALVORADA,2,0,20230101,26,82,0,0,0
41,1175,AR-71-DZ,MERCEDES,CONECTO,ALVORADA,2,0,20230101,26,82,0,0,0
41,1176,AR-32-GI,MERCEDES,CONECTO,ALVORADA,2,0,20230101,26,82,0,0,0
41,1177,AR-33-GI,MERCEDES,CONECTO,ALVORADA,2,0,20230101,26,82,0,0,0
41,1178,AR-63-EV,MERCEDES,CONECTO,ALVORADA,2,0,20230101,26,82,0,0,0
41,1179,AR-75-DZ,MERCEDES,CONECTO,ALVORADA,2,0,20230101,26,82,0,0,0
41,1180,AR-79-EV,MERCEDES,CONECTO,ALVORADA,2,0,20230101,26,82,0,0,0
41,1181,AR-72-DA,MERCEDES,CONECTO,ALVORADA,2,0,20230101,26,82,0,0,0
41,1182,AR-79-DA,MERCEDES,CONECTO,ALVORADA,2,0,20230101,26,82,0,0,0
41,1183,AR-83-DA,MERCEDES,CONECTO,ALVORADA,2,0,20230101,26,82,0,0,0
41,1184,AR-40-GI,MERCEDES,CONECTO,ALVORADA,2,0,20230101,26,82,0,0,0
41,1185,AR-49-GI,MERCEDES,CONECTO,ALVORADA,2,0,20230101,26,82,0,0,0
41,1186,AR-45-GI,MERCEDES,CONECTO,ALVORADA,2,0,20230101,26,82,0,0,0
41,1187,AR-29-GI,MERCEDES,CONECTO,ALVORADA,2,0,20230101,26,82,0,0,0
41,1188,AR-31-GI,MERCEDES,CONECTO,ALVORADA,2,0,20230101,26,82,0,0,0
41,1189,AR-61-EV,MERCEDES,CONECTO,ALVORADA,2,0,20230101,26,82,0,0,0
41,1190,AR-65-EV,MERCEDES,CONECTO,ALVORADA,2,0,20230101,26,82,0,0,0
41,1191,AR-72-DZ,MERCEDES,CONECTO,ALVORADA,2,0,20230101,26,82,0,0,0
41,1192,AR-78-DA,MERCEDES,CONECTO,ALVORADA,2,0,20230101,26,82,0,0,0
41,1193,AR-41-GI,MERCEDES,CONECTO,ALVORADA,2,0,20230101,26,82,0,0,0
41,1194,AR-43-GI,MERCEDES,CONECTO,ALVORADA,2,0,20230101,26,82,0,0,0
41,1195,AR-46-GI,MERCEDES,CONECTO,ALVORADA,2,0,20230101,26,82,0,0,0
41,1196,AR-74-EV,MERCEDES,CONECTO,ALVORADA,2,0,20230101,26,82,0,0,0
41,1197,AR-93-AG,MERCEDES,CONECTO,ALVORADA,2,0,20230101,26,82,0,0,0
41,1198,AR-44-GI,MERCEDES,CONECTO,ALVORADA,2,0,20230101,26,82,0,0,0
41,1199,AR-82-EV,MERCEDES,CONECTO,ALVORADA,2,0,20230101,26,82,0,0,0
41,1200,AR-95-GV,MERCEDES,CONECTO,ALVORADA,2,0,20230101,26,82,0,0,0
41,1201,AR-78-EV,MERCEDES,CONECTO,ALVORADA,2,0,20230101,26,82,0,0,0
41,1202,AR-52-GI,MERCEDES,CONECTO,ALVORADA,2,0,20230101,26,82,0,0,0
41,1203,AR-09-GX,MERCEDES,CONECTO,ALVORADA,2,0,20230101,26,82,0,0,0
41,1204,AR-59-EV,MERCEDES,CONECTO,ALVORADA,2,0,20230101,26,82,0,0,0
41,1205,AR-03-GX,MERCEDES,CONECTO,ALVORADA,2,0,20230101,26,82,0,0,0
41,1206,AR-35-GI,MERCEDES,CONECTO,ALVORADA,2,0,20230101,26,82,0,0,0
41,1207,AR-37-GI,MERCEDES,CONECTO,ALVORADA,2,0,20230101,26,82,0,0,0
41,1208,AR-39-GI,MERCEDES,CONECTO,ALVORADA,2,0,20230101,26,82,0,0,0
41,1209,AR-47-GI,MERCEDES,CONECTO,ALVORADA,2,0,20230101,26,82,0,0,0
41,1210,AR-70-LX,MERCEDES,CONECTO,ALVORADA,2,0,20230101,26,82,0,0,0
41,1211,AR-57-LX,MERCEDES,CONECTO,ALVORADA,2,0,20230101,26,82,0,0,0
41,1212,AR-60-LX,MERCEDES,CONECTO,ALVORADA,2,0,20230101,26,82,0,0,0
41,1213,AR-62-LX,MERCEDES,CONECTO,ALVORADA,2,0,20230101,26,82,0,0,0
41,1214,AR-63-LX,MERCEDES,CONECTO,ALVORADA,2,0,20230101,26,82,0,0,0
41,1215,AR-73-LX,MERCEDES,CONECTO,ALVORADA,2,0,20230101,26,82,0,0,0
41,1216,AR-79-LX,MERCEDES,CONECTO,ALVORADA,2,0,20230101,26,82,0,0,0
41,1217,AR-80-LX,MERCEDES,CONECTO,ALVORADA,2,0,20230101,26,82,0,0,0
41,1218,AR-81-LX,MERCEDES,CONECTO,ALVORADA,2,0,20230101,26,82,0,0,0
41,1219,AR-88-LX,MERCEDES,CONECTO,ALVORADA,2,0,20230101,26,82,0,0,0
41,1220,AR-90-LX,MERCEDES,CONECTO,ALVORADA,2,0,20230101,26,82,0,0,0
41,1221,AR-06-PH,MERCEDES,CONECTO,ALVORADA,2,0,20230101,26,82,0,0,0
41,1222,AR-08-PH,MERCEDES,CONECTO,ALVORADA,2,0,20230101,26,82,0,0,0
41,1223,AR-68-NL,MERCEDES,CONECTO,ALVORADA,2,0,20230101,26,82,0,0,0
41,1224,AR-72-NL,MERCEDES,CONECTO,ALVORADA,2,0,20230101,26,82,0,0,0
41,1225,AR-98-PG,MERCEDES,CONECTO,ALVORADA,2,0,20230101,26,82,0,0,0
41,1226,AR-36-GI,MERCEDES,CONECTO,ALVORADA,2,0,20230101,26,82,0,0,0
41,1227,AR-60-RA,MERCEDES,CONECTO,ALVORADA,2,0,20230101,26,82,0,0,0
41,1228,AR-97-PG,MERCEDES,CONECTO,ALVORADA,2,0,20230101,26,82,0,0,0
41,1229,AR-61-RA,MERCEDES,CONECTO,ALVORADA,2,0,20230101,26,82,0,0,0
41,1230,AR-62-RA,MERCEDES,CONECTO,ALVORADA,2,0,20230101,26,82,0,0,0
41,1231,AR-63-RA,MERCEDES,CONECTO,ALVORADA,2,0,20230101,26,82,0,0,0
41,1232,AR-69-RA,MERCEDES,CONECTO,ALVORADA,2,0,20230101,26,82,0,0,0
41,1233,AR-72-RA,MERCEDES,CONECTO,ALVORADA,2,0,20230101,26,82,0,0,0
41,1234,AR-50-TF,MERCEDES,CONECTO,ALVORADA,2,0,20230101,26,82,0,0,0
41,1235,AR-57-TF,MERCEDES,CONECTO,ALVORADA,2,0,20230101,26,82,0,0,0
41,1236,AR-67-NL,MERCEDES,CONECTO,ALVORADA,2,0,20230101,26,82,0,0,0
41,1237,AR-05-PH,MERCEDES,CONECTO,ALVORADA,2,0,20230101,26,82,0,0,0
41,1238,AR-73-NL,MERCEDES,CONECTO,ALVORADA,2,0,20230101,26,82,0,0,0
41,1239,AR-74-RA,MERCEDES,CONECTO,ALVORADA,2,0,20230101,26,82,0,0,0
41,1240,AR-01-PH,MERCEDES,CONECTO,ALVORADA,2,0,20230101,26,82,0,0,0
41,1241,AR-02-PH,MERCEDES,CONECTO,ALVORADA,2,0,20230101,26,82,0,0,0
41,1242,AR-46-TF,MERCEDES,CONECTO,ALVORADA,2,0,20230101,26,82,0,0,0
41,1243,AR-07-PH,MERCEDES,CONECTO,ALVORADA,2,0,20230101,26,82,0,0,0
41,1244,AR-43-TF,MERCEDES,CONECTO,ALVORADA,2,0,20230101,26,82,0,0,0
41,1245,AR-56-TF,MERCEDES,CONECTO,ALVORADA,2,0,20230101,26,82,0,0,0
41,1246,AR-68-RA,MERCEDES,CONECTO,ALVORADA,2,0,20230101,26,82,0,0,0
41,1247,AR-71-RA,MERCEDES,CONECTO,ALVORADA,2,0,20230101,26,82,0,0,0
41,1248,AR-84-LX,MERCEDES,CONECTO,ALVORADA,2,0,20230101,26,82,0,0,0
41,1249,AR-11-PH,MERCEDES,CONECTO,ALVORADA,2,0,20230101,26,82,0,0,0
41,1250,AR-45-TF,MERCEDES,CONECTO,ALVORADA,2,0,20230101,26,82,0,0,0
41,1251,AR-67-RA,MERCEDES,CONECTO,ALVORADA,2,0,20230101,26,82,0,0,0
41,1252,AR-75-RA,MERCEDES,CONECTO,ALVORADA,2,0,20230101,26,82,0,0,0
41,1253,AR-42-UI,MERCEDES,CONECTO,ALVORADA,2,0,20230101,26,82,0,0,0
41,1254,AR-51-TF,MERCEDES,CONECTO,ALVORADA,2,0,20230101,26,82,0,0,0
41,1255,AR-70-RA,MERCEDES,CONECTO,ALVORADA,2,0,20230101,26,82,0,0,0
41,1256,AR-41-UI,MERCEDES,CONECTO,ALVORADA,2,0,20220503,29,28,0,1,1
41,1257,AR-42-TF,MERCEDES,CONECTO,ALVORADA,2,0,20220630,29,28,0,1,1
41,1258,AR-52-TF,MERCEDES,CONECTO,ALVORADA,2,0,20220629,29,28,0,1,1
41,1259,AR-54-TF,MERCEDES,CONECTO,ALVORADA,2,0,20220629,29,28,0,1,1
41,1260,AR-68-XT,MERCEDES,CONECTO,ALVORADA,2,0,20220629,29,28,0,1,1
41,1261,AR-73-RA,MERCEDES,CONECTO,ALVORADA,2,0,20220706,29,28,0,1,1
41,1262,AR-77-XT,MERCEDES,CONECTO,ALVORADA,2,0,20220627,29,28,0,1,1
41,1263,AR-69-XT,MERCEDES,CONECTO,ALVORADA,2,0,20220706,29,28,0,1,1
41,1264,AR-78-XT,MERCEDES,CONECTO,ALVORADA,2,0,20220706,29,28,0,1,1
41,1265,AR-70-NL,MERCEDES,CONECTO,ALVORADA,2,0,20220706,29,28,0,1,1
41,1266,AR-73-DZ,MERCEDES,CONECTO,ALVORADA,2,0,20220621,29,28,0,1,1
41,1267,AR-31-ZS,MERCEDES,CONECTO,ALVORADA,2,0,20220530,29,28,0,1,1
41,1268,AR-37-ZS,MERCEDES,CONECTO,ALVORADA,2,0,20220708,29,28,0,1,1
41,1269,AR-43-ZS,MERCEDES,CONECTO,ALVORADA,2,0,20220708,29,28,0,1,1
41,1270,AR-72-XT,MERCEDES,CONECTO,ALVORADA,2,0,20220708,29,28,0,1,1
41,1271,AR-36-ZS,MERCEDES,CONECTO,ALVORADA,2,0,20220706,29,28,0,1,1
41,1272,AR-39-ZS,MERCEDES,CONECTO,ALVORADA,2,0,20230101,26,82,0,0,0
41,1273,AR-40-ZS,MERCEDES,CONECTO,ALVORADA,2,0,20230101,26,82,0,0,0
41,1274,AR-44-ZS,MERCEDES,CONECTO,ALVORADA,2,0,20220708,29,28,0,1,1
41,1275,AR-75-XT,MERCEDES,CONECTO,ALVORADA,2,0,20230101,26,82,0,0,0
41,1276,AR-34-ZS,MERCEDES,CONECTO,ALVORADA,2,0,20230101,26,82,0,0,0
41,1277,AR-41-ZS,MERCEDES,CONECTO,ALVORADA,2,0,20220708,29,28,0,1,1
41,1278,AR-45-ZS,MERCEDES,CONECTO,ALVORADA,2,0,20220708,29,28,0,1,1
41,1279,AR-83-XT,MERCEDES,CONECTO,ALVORADA,2,0,20230101,26,82,0,0,0
41,1280,AS-39-CE,MERCEDES,CONECTO,ALVORADA,2,0,20230101,26,82,0,0,0
41,1281,AR-49-ZS,MERCEDES,CONECTO,ALVORADA,2,0,20220708,29,28,0,1,1
41,1282,AR-76-XT,MERCEDES,CONECTO,ALVORADA,2,0,20230101,26,82,0,0,0
41,1283,AS-31-CE,MERCEDES,CONECTO,ALVORADA,2,0,20220708,29,28,0,1,1
41,1284,AS-35-CE,MERCEDES,CONECTO,ALVORADA,2,0,20230101,26,82,1,0,0
41,1285,AS-37-CE,MERCEDES,CONECTO,ALVORADA,2,0,20230101,26,82,0,0,0
41,1286,AS-38-CE,MERCEDES,CONECTO,ALVORADA,2,0,20230101,26,82,1,0,0
41,1287,AS-43-CE,MERCEDES,CONECTO,ALVORADA,2,0,20230101,26,82,0,0,0
41,1288,AR-47-ZS,MERCEDES,CONECTO,ALVORADA,2,0,20230101,26,82,0,0,0
41,1289,AR-50-ZS,MERCEDES,CONECTO,ALVORADA,2,0,20230101,26,82,0,0,0
41,1290,AS-28-CE,MERCEDES,CONECTO,ALVORADA,2,0,20230101,26,82,0,0,0
41,1291,AS-33-CE,MERCEDES,CONECTO,ALVORADA,2,0,20230101,26,82,0,0,0
41,1292,AR-33-ZS,MERCEDES,CONECTO,ALVORADA,2,0,20230101,26,82,0,0,0
41,1293,AS-30-CE,MERCEDES,CONECTO,ALVORADA,2,0,20230101,26,82,0,0,0
41,1294,AS-41-CE,MERCEDES,CONECTO,ALVORADA,2,0,20230101,26,82,0,0,0
41,1295,AS-42-CE,MERCEDES,CONECTO,ALVORADA,2,0,20230101,26,82,0,0,0
41,1296,AR-42-ZS,MERCEDES,CONECTO,ALVORADA,2,0,20230101,26,82,0,0,0
41,1297,AR-65-RA,MERCEDES,CONECTO,ALVORADA,2,0,20230101,26,82,0,0,0
41,1298,AR-69-NL,MERCEDES,CONECTO,ALVORADA,2,0,20230101,26,82,0,0,0
41,1299,AR-71-XT,MERCEDES,CONECTO,ALVORADA,2,0,20230101,26,82,0,0,0
41,1300,AR-96-PG,MERCEDES,CONECTO,ALVORADA,2,0,20230101,26,82,0,0,0
41,1301,AS-34-CE,MERCEDES,CONECTO,ALVORADA,2,0,20230101,26,82,0,0,0
41,1302,AS-68-LA,MERCEDES,CONECTO,ALVORADA,2,0,20230101,26,82,0,0,0
41,1303,AR-07-GX,MERCEDES,CONECTO,ALVORADA,2,0,20230101,26,82,1,0,0
41,1304,AS-57-LA,MERCEDES,CONECTO,ALVORADA,2,0,20230101,26,82,0,0,0
41,1305,AS-59-LA,MERCEDES,CONECTO,ALVORADA,2,0,20230101,26,82,0,0,0
41,1306,AS-60-LA,MERCEDES,CONECTO,ALVORADA,2,0,20230101,26,82,1,0,0
41,1307,AS-63-LA,MERCEDES,CONECTO,ALVORADA,2,0,20230101,26,82,0,0,0
41,1308,AS-65-LA,MERCEDES,CONECTO,ALVORADA,2,0,20230101,26,82,0,0,0
41,1309,AS-69-LA,MERCEDES,CONECTO,ALVORADA,2,0,20230101,26,82,1,0,0
41,1310,AS-29-CE,MERCEDES,CONECTO,ALVORADA,2,0,20230101,26,82,0,0,0
41,1311,AS-59-NL,MERCEDES,CONECTO,ALVORADA,2,0,20230101,26,82,0,0,0
41,1312,AS-63-NL,MERCEDES,CONECTO,ALVORADA,2,0,20230101,26,82,0,0,0
41,1313,AS-52-NL,MERCEDES,CONECTO,ALVORADA,2,0,20230101,26,82,0,0,0
41,1314,AS-54-NL,MERCEDES,CONECTO,ALVORADA,2,0,20230101,26,82,0,0,0
41,1315,AS-65-NL,MERCEDES,CONECTO,ALVORADA,2,0,20230101,26,82,0,0,0
41,1316,AS-51-NL,MERCEDES,CONECTO,ALVORADA,2,0,20230101,26,82,0,0,0
41,1317,AS-58-NL,MERCEDES,CONECTO,ALVORADA,2,0,20230101,26,82,0,0,0
41,1318,AS-62-NL,MERCEDES,CONECTO,ALVORADA,2,0,20230101,26,82,0,0,0
41,1319,AS-01-OP,MERCEDES,CONECTO,ALVORADA,2,0,20230101,26,82,0,0,0
41,1320,AS-02-OP,MERCEDES,CONECTO,ALVORADA,2,0,20230101,26,82,0,0,0
41,1321,AS-60-NL,MERCEDES,CONECTO,ALVORADA,2,0,20230101,26,82,0,0,0
41,1322,AS-89-OO,MERCEDES,CONECTO,ALVORADA,2,0,20230101,26,82,0,0,0
41,1323,AS-97-OO,MERCEDES,CONECTO,ALVORADA,2,0,20230101,26,82,0,0,0
41,1324,AS-61-LA,MERCEDES,CONECTO,ALVORADA,2,0,20230101,26,82,0,0,0
41,1325,AS-93-OO,MERCEDES,CONECTO,ALVORADA,2,0,20230101,26,82,0,0,0
41,1326,AS-94-OO,MERCEDES,CONECTO,ALVORADA,2,0,20230101,26,82,0,0,0
41,1327,AS-98-OO,MERCEDES,CONECTO,ALVORADA,2,0,20230101,26,82,0,0,0
41,1328,AR-71-NL,MERCEDES,CONECTO,ALVORADA,2,0,20230101,26,82,0,0,0
41,1329,AS-13-LZ,MERCEDES,CONECTO,ALVORADA,2,0,20230101,26,82,0,0,0
41,1330,AS-88-OO,MERCEDES,CONECTO,ALVORADA,2,0,20230101,26,82,0,0,0
41,1331,AS-69-PP,MERCEDES,CONECTO,ALVORADA,2,0,20230101,26,82,0,0,0
41,1332,AS-66-LA,MERCEDES,CONECTO,ALVORADA,2,0,20230101,26,82,0,0,0
41,1333,AS-90-PP,MERCEDES,CONECTO,ALVORADA,2,0,20230101,26,82,0,0,0
41,1334,AS-84-PP,MERCEDES,CONECTO,ALVORADA,2,0,20230101,26,82,0,0,0
41,1335,AS-50-NL,MERCEDES,CONECTO,ALVORADA,2,0,20230101,26,82,0,0,0
41,1336,AS-76-PP,MERCEDES,CONECTO,ALVORADA,2,0,20230101,26,82,0,0,0
41,1337,AS-88-PP,MERCEDES,CONECTO,ALVORADA,2,0,20230101,26,82,0,0,0
41,1338,AS-92-PP,MERCEDES,CONECTO,ALVORADA,2,0,20230101,26,82,0,0,0
41,1339,AS-72-PP,MERCEDES,CONECTO,ALVORADA,2,0,20230101,26,82,0,0,0
41,1340,AS-21-RO,MERCEDES,CONECTO,ALVORADA,2,0,20230101,26,82,0,0,0
41,1341,AS-00-OP,MERCEDES,CONECTO,ALVORADA,2,0,20230101,26,82,0,0,0
41,1342,AS-79-PP,MERCEDES,CONECTO,ALVORADA,2,0,20230101,26,82,0,0,0
41,1343,AS-09-RO,MERCEDES,CONECTO,ALVORADA,2,0,20230101,26,82,0,0,0
41,1344,AS-17-RO,MERCEDES,CONECTO,ALVORADA,2,0,20230101,26,82,0,0,0
41,1345,AS-20-RO,MERCEDES,CONECTO,ALVORADA,2,0,20230101,26,82,0,0,0
41,1346,AS-74-PP,MERCEDES,CONECTO,ALVORADA,2,0,20230101,26,82,0,0,0
41,1347,AS-06-RO,MERCEDES,CONECTO,ALVORADA,2,0,20230101,26,82,0,0,0
41,1348,AS-08-RO,MERCEDES,CONECTO,ALVORADA,2,0,20230101,26,82,0,0,0
41,1349,AS-13-RO,MERCEDES,CONECTO,ALVORADA,2,0,20230101,26,82,0,0,0
41,1350,AS-16-RO,MERCEDES,CONECTO,ALVORADA,2,0,20230101,26,82,0,0,0
41,1351,AS-63-PP,MERCEDES,CONECTO,ALVORADA,2,0,20230101,26,82,0,0,0
41,1352,AS-71-PP,MERCEDES,CONECTO,ALVORADA,2,0,20230101,26,82,0,0,0
41,1353,AS-75-PP,MERCEDES,CONECTO,ALVORADA,2,0,20230101,26,82,0,0,0
41,1354,AS-89-PP,MERCEDES,CONECTO,ALVORADA,2,0,20230101,26,82,0,0,0
41,1355,AS-10-RO,MERCEDES,CONECTO,ALVORADA,2,0,20230101,26,82,0,0,0
41,1356,AS-15-RO,MERCEDES,CONECTO,ALVORADA,2,0,20230101,26,82,0,0,0
41,1357,AS-78-PP,MERCEDES,CONECTO,ALVORADA,2,0,20230101,26,82,0,0,0
41,1358,AS-11-RO,MERCEDES,CONECTO,ALVORADA,2,0,20230101,26,82,0,0,0
41,1359,AS-11-SB,MERCEDES,CONECTO,ALVORADA,2,0,20230101,26,82,0,0,0
41,1360,AS-12-SB,MERCEDES,CONECTO,ALVORADA,2,0,20230101,26,82,0,0,0
41,1361,AS-30-SN,MERCEDES,CONECTO,ALVORADA,2,0,20230101,26,82,0,0,0
41,1362,AS-19-RO,MERCEDES,CONECTO,ALVORADA,2,0,20230101,26,82,0,0,0
41,1363,AS-19-UA,MERCEDES,CONECTO,ALVORADA,2,0,20230101,26,82,0,0,0
41,1364,AS-13-SB,MERCEDES,CONECTO,ALVORADA,2,0,20230101,26,82,0,0,0
41,1365,AS-81-PP,MERCEDES,CONECTO,ALVORADA,2,0,20230101,26,82,0,0,0
41,1366,AS-10-SB,MERCEDES,CONECTO,ALVORADA,2,0,20230101,26,82,0,0,0
41,1367,AS-14-RO,MERCEDES,CONECTO,ALVORADA,2,0,20230101,26,82,0,0,0
41,1368,AS-14-UA,MERCEDES,CONECTO,ALVORADA,2,0,20230101,26,82,0,0,0
41,1369,AS-15-SB,MERCEDES,CONECTO,ALVORADA,2,0,20230101,26,82,0,0,0
41,1370,AS-07-SB,MERCEDES,CONECTO,ALVORADA,2,0,20230101,26,82,0,0,0
41,1371,AS-27-VT,MERCEDES,CONECTO,ALVORADA,2,0,20230101,26,82,0,0,0
41,1372,AS-30-VT,MERCEDES,CONECTO,ALVORADA,2,0,20230101,26,82,0,0,0
41,1373,AS-82-PP,MERCEDES,CONECTO,ALVORADA,2,0,20230101,26,82,0,0,0
41,1374,AS-87-PP,MERCEDES,CONECTO,ALVORADA,2,0,20230101,26,82,0,0,0
41,1375,AS-91-OO,MERCEDES,CONECTO,ALVORADA,2,0,20230101,26,82,0,0,0
41,1376,AS-92-OO,MERCEDES,CONECTO,ALVORADA,2,0,20230101,26,82,0,0,0
41,1377,AS-09-SB,MERCEDES,CONECTO,ALVORADA,2,0,20230101,26,82,0,0,0
41,1378,AS-26-VT,MERCEDES,CONECTO,ALVORADA,2,0,20230101,26,82,0,0,0
41,1379,AS-31-SN,MERCEDES,CONECTO,ALVORADA,2,0,20230101,26,82,0,0,0
41,1380,AS-67-LA,MERCEDES,CONECTO,ALVORADA,2,0,20230101,26,82,0,0,0
41,1381,AS-86-PP,MERCEDES,CONECTO,ALVORADA,2,0,20230101,26,82,0,0,0
41,1382,AS-14-SB,MERCEDES,CONECTO,ALVORADA,2,0,20230101,26,82,0,0,0
41,1383,AS-31-VT,MERCEDES,CONECTO,ALVORADA,2,0,20230101,26,82,0,0,0
41,1384,AS-12-RO,MERCEDES,CONECTO,ALVORADA,2,0,20230101,26,82,0,0,0
41,1385,AS-24-VT,MERCEDES,CONECTO,ALVORADA,2,0,20230101,26,82,0,0,0
41,1386,AS-25-VT,MERCEDES,CONECTO,ALVORADA,2,0,20230101,26,82,0,0,0
41,1387,AS-29-VT,MERCEDES,CONECTO,ALVORADA,2,0,20230101,26,82,0,0,0
41,1388,AS-62-LA,MERCEDES,CONECTO,ALVORADA,2,0,20230101,26,82,0,0,0
41,1389,AT-62-AJ,MERCEDES,CONECTO,ALVORADA,2,0,20230101,26,82,0,0,0
41,1390,AS-75-ZN,MERCEDES,CONECTO,ALVORADA,2,0,20230101,26,82,0,0,0
41,1391,AS-76-ZN,MERCEDES,CONECTO,ALVORADA,2,0,20230101,26,82,0,0,0
41,1392,AS-78-ZN,MERCEDES,CONECTO,ALVORADA,2,0,20230101,26,82,0,0,0
41,1393,AT-64-AJ,MERCEDES,CONECTO,ALVORADA,2,0,20230101,26,82,0,0,0
41,1394,AS-57-NL,MERCEDES,CONECTO,ALVORADA,2,0,20230101,26,82,1,0,0
41,1395,AS-77-ZN,MERCEDES,CONECTO,ALVORADA,2,0,20230101,26,82,1,0,0
41,1396,AS-79-ZN,MERCEDES,CONECTO,ALVORADA,2,0,20230101,26,82,1,0,0
41,1397,AS-81-ZN,MERCEDES,CONECTO,ALVORADA,2,0,20230101,26,82,1,0,0
41,1398,AT-12-EM,MERCEDES,CONECTO,ALVORADA,2,0,20230101,26,82,1,0,0
41,1399,AT-38-DV,MERCEDES,CONECTO,ALVORADA,2,0,20230101,26,82,1,0,0
41,1400,AT-42-DV,MERCEDES,CONECTO,ALVORADA,2,0,20230101,26,82,1,0,0
41,1401,AT-44-DV,MERCEDES,CONECTO,ALVORADA,2,0,20230101,26,82,1,0,0
41,1402,AS-29-SN,MERCEDES,CONECTO,ALVORADA,2,0,20230101,26,82,0,0,0
41,1403,AT-35-DV,MERCEDES,CONECTO,ALVORADA,2,0,20230101,26,82,1,0,0
41,1404,AS-80-ZN,MERCEDES,CONECTO,ALVORADA,2,0,20230101,26,82,0,0,0
41,1405,AT-11-EM,MERCEDES,CONECTO,ALVORADA,2,0,20230101,26,82,0,0,0
41,1406,AT-43-DV,MERCEDES,CONECTO,ALVORADA,2,0,20230101,26,82,0,0,0
41,1407,AS-27-CE,MERCEDES,CONECTO,ALVORADA,2,0,20230101,26,82,0,0,0
41,1408,AS-06-SB,MERCEDES,CONECTO,ALVORADA,2,0,20230101,26,82,0,0,0
41,1409,AS-77-PP,MERCEDES,CONECTO,ALVORADA,2,0,20230101,26,82,0,0,0
41,1410,AS-66-PP,MERCEDES,CONECTO,ALVORADA,2,0,20230101,26,82,1,0,0
41,1411,AU-67-DS,MERCEDES,CONECTO,ALVORADA,2,0,20230101,26,82,0,0,0
41,1412,AS-08-SB,MERCEDES,CONECTO,ALVORADA,2,0,20230101,26,82,1,0,0
41,1413,AS-28-VT,MERCEDES,CONECTO,ALVORADA,2,0,20230101,26,82,1,0,0
41,1414,AS-58-LA,MERCEDES,CONECTO,ALVORADA,2,0,20230101,26,82,1,0,0
41,1415,AS-74-ZN,MERCEDES,CONECTO,ALVORADA,2,0,20230101,26,82,1,0,0
41,1416,AS-65-PP,MERCEDES,CONECTO,ALVORADA,2,0,20230101,26,82,1,0,0
41,1417,AU-70-DS,MERCEDES,CONECTO,ALVORADA,2,0,20230101,26,82,0,0,0
41,1418,AU-72-DS,MERCEDES,CONECTO,ALVORADA,2,0,20230101,26,82,0,0,0
41,1419,AU-33-CH,MERCEDES,CONECTO,ALVORADA,2,0,20230101,26,82,1,0,0
41,1420,AU-25-FV,MERCEDES,CONECTO,ALVORADA,2,0,20230101,26,82,1,0,0
41,1421,AU-22-HS,MERCEDES,CONECTO,ALVORADA,2,0,20230101,26,82,1,0,0
41,1422,AU-89-GM,MERCEDES,CONECTO,ALVORADA,2,0,20230101,26,82,0,0,0
41,1423,AU-92-GM,MERCEDES,CONECTO,ALVORADA,2,0,20230101,26,82,0,0,0
41,1700,AR-44-DP,IVECO,IS 56CI2DA - 5T,VIMECA,2,0,20220915,15,10,0,0,0
41,1701,AR-67-GS,IVECO,IS 56CI2DA - 5T,VIMECA,2,0,20220714,29,28,0,1,1
41,1702,AR-53-GS,IVECO,IS 56CI2DA - 5T,VIMECA,2,0,20220606,29,28,0,1,1
41,1703,AR-65-GS,IVECO,IS 56CI2DA - 5T,VIMECA,2,0,20220606,29,28,0,1,1
41,1704,AR-84-JL,IVECO,IS 56CI2DA - 5T,VIMECA,2,0,20220606,29,28,0,1,1
41,1705,AR-46-DP,IVECO,IS 56CI2DA - 5T,VIMECA,2,0,20220530,29,28,0,1,1
41,1706,AR-42-DP,IVECO,IS 56CI2DA - 5T,VIMECA,2,0,20220530,29,28,1,1,1
41,1707,AR-34-DP,IVECO,IS 56CI2DA - 5T,VIMECA,2,0,20220530,29,28,0,1,1
41,1708,AR-35-DP,IVECO,IS 56CI2DA - 5T,VIMECA,2,0,20220530,29,28,0,1,1
41,1709,AR-39-DP,IVECO,IS 56CI2DA - 5T,VIMECA,2,0,20220530,29,28,0,1,1
41,1710,AR-72-JL,IVECO,IS 56CI2DA - 5T,VIMECA,2,0,20220530,29,28,0,1,1
41,1711,AR-73-JL,IVECO,IS 56CI2DA - 5T,VIMECA,2,0,20220614,29,28,0,1,1
41,1712,AR-38-DP,IVECO,IS 56CI2DA - 5T,VIMECA,2,0,20220614,29,28,0,1,1
41,1713,AR-60-GS,IVECO,IS 56CI2DA - 5T,VIMECA,2,0,20220530,29,28,0,1,1
41,1714,AR-74-JL,IVECO,IS 56CI2DA - 5T,VIMECA,2,0,20230101,15,10,0,0,0
41,1715,AR-30-DP,IVECO,IS 56CI2DA - 5T,SCOTTURB,2,0,20230101,15,10,0,0,0
41,1716,AR-97-OC,IVECO,IS 56CI2DA - 5T,SCOTTURB,2,0,20230101,15,10,0,0,0
41,1717,AR-83-JL,IVECO,IS 56CI2DA - 5T,SCOTTURB,2,0,20230101,15,10,0,0,0
41,1718,AR-76-GS,IVECO,IS 56CI2DA - 5T,SCOTTURB,2,0,20230101,15,10,0,0,0
41,1719,AR-40-DP,IVECO,IS 56CI2DA - 5T,VIMECA,2,0,20220606,29,28,0,1,1
41,1720,AR-37-DP,IVECO,IS 56CI2DA - 5T,SCOTTURB,2,0,20230101,15,10,0,0,0
41,1721,AR-88-GS,IVECO,IS 56CI2DA - 5T,SCOTTURB,2,0,20230101,15,10,1,0,0
41,1722,AR-78-GS,IVECO,IS 56CI2DA - 5T,SCOTTURB,2,0,20230101,15,10,0,0,0
41,1723,AR-64-GS,IVECO,IS 56CI2DA - 5T,SCOTTURB,2,0,20230101,15,10,0,0,0
41,1724,AR-70-GS,IVECO,IS 56CI2DA - 5T,SCOTTURB,2,0,20230101,15,10,0,0,0
41,1725,AR-77-JL,IVECO,IS 56CI2DA - 5T,SCOTTURB,2,0,20230101,15,10,0,0,0
41,1726,AR-70-JL,IVECO,IS 56CI2DA - 5T,SCOTTURB,2,0,20230101,15,10,0,0,0
41,1727,AR-38-VA,IVECO,IS 56CI2DA - 5T,SCOTTURB,2,0,20230101,15,10,1,0,0
41,1728,AR-66-GS,IVECO,IS 56CI2DA - 5T,SCOTTURB,2,0,20230101,15,10,0,0,0
41,1729,AR-80-JL,IVECO,IS 56CI2DA - 5T,SCOTTURB,2,0,20230101,15,10,0,0,0
41,1730,AR-81-JL,IVECO,IS 56CI2DA - 5T,SCOTTURB,2,0,20230101,15,10,0,0,0
41,1731,AR-89-OC,IVECO,IS 56CI2DA - 5T,SCOTTURB,2,0,20230101,15,10,1,0,0
41,1732,AS-90-BL,IVECO,IS72CI2 DA  7T,VIMECA,2,0,20220530,29,28,1,1,1
41,1733,AS-91-BL,IVECO,IS72CI2 DA  7T,SCOTTURB,2,0,20230101,18,15,1,0,0
41,1734,AS-93-BL,IVECO,IS72CI2 DA  7T,VIMECA,2,0,20220713,29,28,1,1,1
41,1735,AV-29-CT,IVECO,IS72CI2 DA  7T,SCOTTURB,2,0,20230112,18,15,0,0,0
41,1736,BC-44-MX,IVECO,IS 56CI2DA - 5T,VIMECA,2,0,20231114,15,10,0,0,0
41,1737,BC-49-MX,IVECO,IS 56CI2DA - 5T,SCOTTURB,2,0,20231114,15,10,0,0,0
41,1800,AS-02-FQ,MERCEDES,CITARO K,ALVORADA,2,0,20230101,28,57,1,0,0
41,1801,AS-09-FQ,MERCEDES,CITARO K,ALVORADA,2,0,20230101,28,57,1,0,0
41,1802,AS-64-LA,MERCEDES,CITARO K,ALVORADA,2,0,20230101,28,57,0,0,0
41,1803,AS-04-FQ,MERCEDES,CITARO K,ALVORADA,2,0,20230101,28,57,1,0,0
41,1804,AS-99-FP,MERCEDES,CITARO K,ALVORADA,2,0,20230101,28,57,0,0,0
41,1805,AS-82-OA,MERCEDES,CITARO K,ALVORADA,2,0,20230101,28,57,0,0,0
41,1806,AS-92-OA,MERCEDES,CITARO K,ALVORADA,2,0,20230101,28,57,0,0,0
41,1807,AS-98-OA,MERCEDES,CITARO K,ALVORADA,2,0,20230101,28,57,0,0,0
41,1808,AS-77-OA,MERCEDES,CITARO K,ALVORADA,2,0,20230101,28,57,1,0,0
41,1809,AS-97-OA,MERCEDES,CITARO K,ALVORADA,2,0,20230101,28,57,0,0,0
41,1810,AS-73-OA,MERCEDES,CITARO K,ALVORADA,2,0,20230101,28,57,1,0,0
41,1811,AS-91-OA,MERCEDES,CITARO K,ALVORADA,2,0,20230101,28,57,1,0,0
41,1850,BB-06-LV,ZHONGTONG BUS?,TZ488XSPE351WH,VIMECA,2,0,20230901,31,53,0,0,0
41,1851,BB-73-LZ,ZHONGTONG BUS?,TZ488XSPE351WH,VIMECA,2,0,20230901,31,53,0,0,0
41,1852,BB-16-JB,ZHONGTONG BUS?,TZ488XSPE351WH,VIMECA,2,0,20230901,31,53,0,0,0
41,1853,BB-40-MA,ZHONGTONG BUS?,TZ488XSPE351WH,VIMECA,2,0,20230901,31,53,0,0,0
41,1854,BB-32-LG,ZHONGTONG BUS?,TZ488XSPE351WH,VIMECA,2,0,20230901,31,53,0,0,0
41,1855,BB-33-JA,ZHONGTONG BUS?,TZ488XSPE351WH,VIMECA,2,0,20230901,31,53,0,0,0
41,1856,BB-70-LG,ZHONGTONG BUS?,TZ488XSPE351WH,VIMECA,2,0,20230901,31,53,0,0,0
41,1857,BB-19-JC,ZHONGTONG BUS?,TZ488XSPE351WH,VIMECA,2,0,20230901,31,53,0,0,0
41,1858,BB-06-LF,ZHONGTONG BUS?,TZ488XSPE351WH,VIMECA,2,0,20230901,31,53,0,0,0
41,1859,BB-38-JA,ZHONGTONG BUS?,TZ488XSPE351WH,VIMECA,2,0,20230901,31,53,0,0,0
41,1860,BB-28-IZ,ZHONGTONG BUS?,TZ488XSPE351WH,VIMECA,2,0,20230901,31,53,0,0,0
41,1861,BB-28-LE,ZHONGTONG BUS?,TZ488XSPE351WH,VIMECA,2,0,20230901,31,53,0,0,0
41,1862,BB-62-LU,ZHONGTONG BUS?,TZ488XSPE351WH,VIMECA,2,0,20230901,31,53,0,0,0
41,1863,BB-06-LH,ZHONGTONG BUS?,TZ488XSPE351WH,VIMECA,2,0,20230901,31,53,0,0,0
41,1864,BB-07-JA,ZHONGTONG BUS?,TZ488XSPE351WH,VIMECA,2,0,20230901,31,53,0,0,0
41,1865,BB-41-LT,ZHONGTONG BUS?,TZ488XSPE351WH,VIMECA,2,0,20230901,31,53,0,0,0
41,1866,BB-30-LG,ZHONGTONG BUS?,TZ488XSPE351WH,VIMECA,2,0,20230901,31,53,0,0,0
41,1867,BB-06-LX,ZHONGTONG BUS?,TZ488XSPE351WH,VIMECA,2,0,20230901,31,53,0,0,0
41,1868,BB-05-LV,ZHONGTONG BUS?,TZ488XSPE351WH,VIMECA,2,0,20230901,31,53,0,0,0
41,1869,BB-02-LV,ZHONGTONG BUS?,TZ488XSPE351WH,VIMECA,2,0,20230901,31,61,0,0,0
41,1870,BB-88-EF,SALVADOR CAETANO,E-Citygold CBNO20e,SCOTTURB,2,0,20231228,37,44,0,0,0
41,1871,BC-73-AO,SALVADOR CAETANO,E-Citygold CBNO20e,SCOTTURB,2,0,20231228,37,44,0,0,0
41,1872,BC-22-AM,SALVADOR CAETANO,E-Citygold CBNO20e,SCOTTURB,2,0,20231228,37,44,0,0,0
41,1873,BC-95-JG,SALVADOR CAETANO,E-Citygold CBNO20e,SCOTTURB,2,0,20240126,37,44,0,0,0
41,1874,BC-30-JI,SALVADOR CAETANO,E-Citygold CBNO20e,SCOTTURB,2,0,20240127,37,44,0,0,0
41,1875,BC-09-JI,SALVADOR CAETANO,E-Citygold CBNO20e,SCOTTURB,2,0,20240201,37,44,0,0,0
41,1876,BC-76-NZ,SALVADOR CAETANO,E-Citygold CBNO20e,SCOTTURB,2,0,20240202,37,44,0,0,0
41,1877,BC-63-AM,SALVADOR CAETANO,E-Citygold CBNO20e,SCOTTURB,2,0,20240219,37,44,0,0,0
41,1878,BC-84-QA,SALVADOR CAETANO,E-Citygold CBNO20e,SCOTTURB,2,0,20240207,37,44,0,0,0
41,1879,BC-44-PU,SALVADOR CAETANO,E-Citygold CBNO20e,SCOTTURB,2,0,20240207,37,44,0,0,0
41,1880,BC-00-TD,SALVADOR CAETANO,E-Citygold CBNO20e,SCOTTURB,2,0,20231113,37,44,0,0,0
41,1881,BC-15-TD,SALVADOR CAETANO,E-Citygold CBNO20e,SCOTTURB,2,0,20240301,37,44,0,0,0
41,1882,BC-57-TC,SALVADOR CAETANO,E-Citygold CBNO20e,SCOTTURB,2,0,20231113,37,44,0,0,0
41,1883,BC-28-TE,SALVADOR CAETANO,E-Citygold CBNO20e,SCOTTURB,2,0,20231113,37,44,0,0,0
41,1884,BC-15-TG,SALVADOR CAETANO,E-Citygold CBNO20e,SCOTTURB,2,0,20240223,37,44,0,0,0
41,1885,BC-35-TE,SALVADOR CAETANO,E-Citygold CBNO20e,SCOTTURB,2,0,20231113,37,44,0,0,0
41,1886,BC-16-QD,SALVADOR CAETANO,E-Citygold CBNO20e,SCOTTURB,2,0,20240226,37,44,0,0,0
41,1887,BC-04-AM,SALVADOR CAETANO,E-Citygold CBNO20e,SCOTTURB,2,0,20240226,37,44,0,0,0
41,1888,BB-66-QX,SALVADOR CAETANO,E-Citygold CBNO20e,SCOTTURB,2,0,20240223,37,44,0,0,0
41,1889,BB-98-QV,SALVADOR CAETANO,E-Citygold CBNO20e,SCOTTURB,2,0,20240223,37,44,0,0,0
41,1900,60-TU-09,MERCEDES,CITARO K,SCOTTURB,2,0,20171122,30,55,0,0,0
41,1901,13-TV-81,MERCEDES,CONECTO,SCOTTURB,2,0,20171130,30,36,0,0,0
41,1906,27-PE-49,MERCEDES,OC 500 LE,SCOTTURB,2,0,20141114,37,52,0,0,0
41,1907,27-PE-50,MERCEDES,OC 500 LE,SCOTTURB,2,0,20141121,37,52,0,0,0
41,1908,84-PF-70,MERCEDES,OC 500 LE,SCOTTURB,2,0,20141129,37,52,0,0,0
41,1909,84-PF-71,MERCEDES,OC 500 LE,SCOTTURB,2,0,20141105,37,52,0,0,0
41,1910,84-PF-72,MERCEDES,OC 500 LE,SCOTTURB,2,0,20141105,37,52,0,0,0
41,1911,84-PF-73,MERCEDES,OC 500 LE,SCOTTURB,2,0,20141215,37,52,0,0,0
41,1912,57-UA-40,MERCEDES,OC 500 LE,SCOTTURB,2,0,20180414,37,52,0,0,0
41,1913,57-UA-41,MERCEDES,OC 500 LE,SCOTTURB,2,0,20150122,29,28,0,1,1
41,300,AC-45-FH,CAETANO,E. CITY GOLD,SCOTTURB,2,0,20141110,29,28,0,1,1
41,306,27-PE-51,MERCEDES,OC 500LE 1830,VIMECA,2,0,20141110,29,28,0,1,1
41,308,84-PF-69,MERCEDES,OC 500LE 1830,VIMECA,2,0,20141110,29,28,0,1,1
41,311,84-PF-76,MERCEDES,OC 500LE 1830,VIMECA,2,0,20111006,29,28,0,1,1
41,312,76-PJ-46,MERCEDES,OC 500LE 1830,VIMECA,2,0,20141110,29,28,0,1,1
41,313,76-PJ-47,MERCEDES,OC 500LE 1830,VIMECA,2,0,20150102,29,28,0,1,1
41,314,76-PJ-48,MERCEDES,OC 500LE 1830,VIMECA,2,0,20150102,29,28,0,1,1
41,315,76-PJ-49,MERCEDES,OC 500LE 1830,VIMECA,2,0,20150102,29,28,0,1,1
41,316,76-PJ-50,MERCEDES,OC 500LE 1830,VIMECA,2,0,20150102,29,28,0,1,1
41,317,76-PJ-51,MERCEDES,OC 500LE 1830,VIMECA,2,0,20150102,29,28,0,1,1
41,318,76-PJ-52,MERCEDES,OC 500LE 1830,VIMECA,2,0,20150102,29,28,0,1,1
41,319,76-PJ-53,MERCEDES,OC 500LE 1830,VIMECA,2,0,20150102,29,28,0,1,1
41,320,76-PJ-54,MERCEDES,OC 500LE 1830,VIMECA,2,0,20150102,29,28,0,1,1
41,321,76-PJ-55,MERCEDES,OC 500LE 1830,VIMECA,2,0,20150102,29,28,0,1,1
41,322,76-PJ-56,MERCEDES,OC 500LE 1830,VIMECA,2,0,20150102,29,28,0,1,1
41,323,76-PJ-57,MERCEDES,OC 500LE 1830,VIMECA,2,0,20150102,29,28,0,1,1
41,324,87-PL-87,MERCEDES,OC 500LE 1830,VIMECA,2,0,20150102,29,28,0,1,1
41,325,87-PL-88,MERCEDES,OC 500LE 1830,VIMECA,2,0,20150122,29,28,0,1,1
41,326,87-PL-89,MERCEDES,OC 500LE 1830,VIMECA,2,0,20150122,29,28,0,1,1
41,327,87-PL-90,MERCEDES,OC 500LE 1830,VIMECA,2,0,20150122,29,28,0,1,1
41,328,87-PL-92,MERCEDES,OC 500LE 1830,VIMECA,2,0,20171221,29,28,0,1,1
41,330,87-PL-91,MERCEDES,OC 500LE 1830,VIMECA,2,0,20180627,29,28,0,1,1
41,331,07-PN-08,MERCEDES,OC 500LE 1830,VIMECA,2,0,20150122,29,28,0,1,1
41,332,07-PN-09,MERCEDES,OC 500LE 1830,VIMECA,2,0,20150205,29,28,0,1,1
41,333,07-PN-10,MERCEDES,OC 500LE 1830,VIMECA,2,0,20150205,29,28,0,1,1
41,334,07-PN-11,MERCEDES,OC 500LE 1830,VIMECA,2,0,20150205,29,28,0,1,1
41,335,07-PN-07,MERCEDES,OC 500LE 1830,VIMECA,2,0,20150205,29,28,0,1,1
41,540,21-QG-38,MAN,14.250 HOCL-NL E6,SCOTTURB,2,0,20150917,30,22,0,0,0
41,541,21-QG-39,MAN,14.250 HOCL-NL E6,SCOTTURB,2,0,20150917,30,22,0,0,0
41,542,21-QG-40,MAN,14.250 HOCL-NL E6,SCOTTURB,2,0,20150917,30,22,0,0,0
41,543,16-ZH-88,MAN,19.250 HOCL-NL E6,SCOTTURB,2,0,20191004,30,36,0,0,0
41,544,16-ZH-90,MAN,19.250 HOCL-NL E6,SCOTTURB,2,0,20191004,30,36,0,0,0
41,545,16-ZH-92,MAN,19.250 HOCL-NL E6,SCOTTURB,2,0,20191004,30,36,0,0,0
41,722,57-UA-42,MERCEDES,OC 500 LE,SCOTTURB,2,0,20171228,29,28,0,1,1
41,723,57-UA-43,MERCEDES,OC 500 LE,SCOTTURB,2,0,20171228,29,28,0,1,1
41,724,57-UA-44,MERCEDES,OC 500 LE,SCOTTURB,2,0,20171221,29,28,0,1,1
41,725,57-UA-45,MERCEDES,OC 500 LE,SCOTTURB,2,0,20171221,29,28,0,1,1
41,726,07-UB-41,MERCEDES,OC 500 LE,SCOTTURB,2,0,20150122,29,28,0,1,1
41,727,07-UB-42,MERCEDES,OC 500 LE,SCOTTURB,2,0,20171228,29,28,0,1,1
41,728,07-UB-43,MERCEDES,OC 500 LE,SCOTTURB,2,0,20171228,29,28,0,1,1
41,729,07-UB-44,MERCEDES,OC 500 LE,SCOTTURB,2,0,20171228,29,28,0,1,1
41,733,16-UJ-33,MERCEDES,519 CDI,SCOTTURB,2,0,20180322,15,8,0,0,0
41,735,14-UX-33,MERCEDES,519 CDI,SCOTTURB,2,0,20171228,29,28,0,1,1
41,736,50-VA-84,MERCEDES,519 CDI,SCOTTURB,2,0,20180611,29,28,0,1,1
41,737,50-VA-66,MERCEDES,519 CDI,SCOTTURB,2,0,20150122,29,28,0,1,1
41,738,51-VA-69,MERCEDES,519 CDI,SCOTTURB,2,0,20150205,29,28,0,1,1
41,739,49-VA-65,MERCEDES,519 CDI,SCOTTURB,2,0,20180627,29,28,0,1,1
41,745,11-ZT-48,MERCEDES,519 CDI,SCOTTURB,2,0,20180627,29,28,0,1,1
41,746,94-ZT-75,MERCEDES,519 CDI,SCOTTURB,2,0,20200121,29,28,0,1,1
41,747,79-ZV-36,MERCEDES,519 CDI,SCOTTURB,2,0,20200129,29,28,0,1,1
41,749,AA-40-FL,MERCEDES,519 CDI,SCOTTURB,2,0,20200311,29,28,0,1,1
41,765,58-VS-28,MERCEDES,CONECTO,SCOTTURB,2,0,20200311,29,28,0,1,1
41,766,42-VT-56,MERCEDES,CONECTO,SCOTTURB,2,0,20190325,29,28,0,1,1
41,767,42-VT-58,MERCEDES,CONECTO,SCOTTURB,2,0,20181212,29,28,0,1,1
41,814,79-XF-62,MERCEDES,CITARO K,SCOTTURB,2,0,20190319,30,55,0,0,0
41,815,79-XF-63,MERCEDES,CITARO K,SCOTTURB,2,0,20190319,30,55,0,0,0
41,816,79-XF-64,MERCEDES,CITARO K,SCOTTURB,2,0,20190319,30,55,0,0,0
41,817,79-XF-65,MERCEDES,CITARO K,SCOTTURB,2,0,20181203,29,28,0,1,1
41,818,79-XF-66,MERCEDES,CITARO K,SCOTTURB,2,0,20190319,29,28,0,1,1
41,819,59-XG-85,MERCEDES,CITARO K,SCOTTURB,2,0,20190319,29,28,0,1,1
42,123,71-JA-65,IVECO,65SG,RL,2,5,20100408,20,9,0,1,0
42,127,44-RM-74,BMC,Probus Hawk,RL,2,5,20110117,30,32,0,1,0
42,146,82-PN-92,MAN,A 76,RL,2,4,20070727,30,24,0,1,0
42,148,82-PN-94,MAN,A 76,RL,2,4,20070727,30,24,0,1,0
42,200,02-QG-47,Temsa,MD9Le,RL,2,6,20150805,31,30,0,1,0
42,2000,AS-34-GC,IVECO,70C21HA8,RL,2,6,20220722,18,19,0,1,0
42,2001,AS-33-GC,IVECO,70C21HA8,RL,2,6,20220722,18,19,1,1,0
42,2002,AS-30-GC,IVECO,70C21HA8,RL,2,6,20230101,18,19,1,1,0
42,2003,AS-42-GC,IVECO,70C21HA8,RL,2,6,20230101,18,19,0,1,0
42,2004,AS-37-GC,IVECO,70C21HA8,RL,2,6,20230101,18,19,0,1,0
42,2005,AS-51-GC,IVECO,70C21HA8,RL,2,6,20230101,18,19,0,1,0
42,2006,AS-47-GC,IVECO,70C21HA8,RL,2,6,20230101,18,19,0,1,0
42,2007,AS-43-GC,IVECO,70C21HA8,RL,2,6,20230101,18,19,0,1,0
42,2008,AS-44-GC,IVECO,70C21HA8,RL,2,6,20230101,18,19,0,1,0
42,2009,AS-48-GC,IVECO,70C21HA8,RL,2,6,20230101,18,19,0,1,0
42,201,02-QG-48,Temsa,MD9Le,RL,2,6,20150805,31,30,0,1,0
42,2010,AS-06-MU,IVECO,70C21HA8,RL,2,6,20230101,18,19,0,1,0
42,2011,AS-46-GC,IVECO,70C21HA8,RL,2,6,20230101,18,19,0,1,0
42,2012,AS-45-GC,IVECO,70C21HA8,RL,2,6,20230101,18,19,0,1,0
42,2013,AS-08-MU,IVECO,70C21HA8,RL,2,6,20230101,18,19,0,1,0
42,2014,AS-02-PA,IVECO,70C21HA8,RL,2,6,20230101,18,19,0,1,0
42,2015,AS-00-PA,IVECO,70C21HA8,RL,2,6,20230101,18,19,0,1,0
42,2016,AS-99-OZ,IVECO,70C21HA8,RL,2,6,20230101,18,19,0,1,0
42,2017,AS-32-RL,IVECO,70C21HA8,RL,2,6,20230101,18,19,0,1,0
42,2018,AS-96-OZ,IVECO,70C21HA8,RL,2,6,20230101,18,19,0,1,0
42,2019,AS-97-OZ,IVECO,70C21HA8,RL,2,6,20230101,18,19,0,1,0
42,202,90-XA-39,TEMSA,MD9 LE,RL,2,6,20190204,41,27,0,1,0
42,2020,AS-30-RL,IVECO,70C21HA8,RL,2,6,20230101,18,19,0,1,0
42,2021,AS-29-RL,IVECO,70C21HA8,RL,2,6,20230101,18,19,0,1,0
42,203,90-XA-79,TEMSA,MD9 LE,RL,2,6,20190204,40,28,0,1,0
42,2030,AR-94-OC,IVECO,IS56CI2DA,RL,2,6,20230101,15,10,0,1,0
42,2031,AR-85-OC,IVECO,IS56CI2DA,RL,2,6,20230101,15,10,0,1,0
42,2032,AR-03-OD,IVECO,IS56CI2DA,RL,2,6,20230101,15,10,0,1,0
42,2033,AR-01-OD,IVECO,IS56CI2DA,RL,2,6,20230101,15,10,1,1,0
42,2034,AR-16-VA,IVECO,IS56CI2DA,RL,2,6,20230101,15,10,0,1,0
42,2035,AR-37-VA,IVECO,IS56CI2DA,RL,2,6,20230101,15,10,1,1,0
42,2036,AR-19-VA,IVECO,IS56CI2DA,RL,2,6,20230101,15,10,0,1,0
42,2037,AR-21-VA,IVECO,IS56CI2DA,RL,2,6,20230101,15,10,1,1,0
42,2038,AR-40-VA,IVECO,IS56CI2DA,RL,2,6,20230101,15,10,0,1,0
42,2050,AS-92-BL,IVECO,70C21HA8,RL,2,6,20230101,18,19,0,1,0
42,2051,AR-96-OC,IVECO,IS56CI2DA,RL,2,6,20220622,15,10,0,1,0
42,2052,AR-99-OC,IVECO,IS56CI2DA,RL,2,6,20230101,15,10,0,1,0
42,2053,AO-60-BQ,IVECO,IS72CI2DA,BARRAQUEIRO TRANSPORTES,3,6,20220218,15,10,0,0,0
42,210,87-ZF-61,TEMSA,Avenue LF12,RL,2,6,20190925,37,58,0,1,0
42,2100,AS-07-FQ,MB,O 530 CITARO K,RL,2,6,20230101,28,57,1,1,0
42,2101,AS-00-FQ,MB,O 530 CITARO K,RL,2,6,20230101,28,57,0,1,0
42,2102,AS-11-QD,MB,O 530 CITARO K,RL,2,6,20230101,28,57,0,1,0
42,2103,AS-12-QD,MB,O 530 CITARO K,RL,2,6,20230101,28,57,0,1,0
42,2104,AS-75-OA,MB,O 530 CITARO K,RL,2,6,20230101,28,57,0,1,0
42,2105,AS-83-OA,MB,O 530 CITARO K,RL,2,6,20230101,28,57,0,1,0
42,2106,AS-78-OA,MB,O 530 CITARO K,RL,2,6,20230101,28,57,1,1,0
42,2107,AS-81-OA,MB,O 530 CITARO K,RL,2,6,20230101,28,57,0,1,0
42,2108,AS-93-OA,MB,O 530 CITARO K,RL,2,6,20230101,28,57,0,1,0
42,2109,AS-76-OA,MB,O 530 CITARO K,RL,2,6,20230101,28,57,0,1,0
42,211,87-ZF-10,TEMSA,Avenue LF12,RL,2,6,20190925,37,58,0,1,0
42,2110,AS-86-OA,MB,O 530 CITARO K,RL,2,6,20230101,28,57,0,1,0
42,2111,AS-85-OA,MB,O 530 CITARO K,RL,2,6,20230101,28,57,0,1,0
42,2112,AS-70-OA,MB,O 530 CITARO K,RL,2,6,20230101,28,57,1,1,0
42,2113,AS-71-OA,MB,O 530 CITARO K,RL,2,6,20230101,28,57,1,1,0
42,2114,AS-84-OA,MB,O 530 CITARO K,RL,2,6,20230101,28,57,0,1,0
42,2115,AS-88-OA,MB,O 530 CITARO K,RL,2,6,20230101,28,57,0,1,0
42,212,86-ZF-05,TEMSA,Avenue LF12,RL,2,6,20190925,37,58,0,1,0
42,213,85-ZF-90,Temsa,LF12,RL,2,6,20190925,37,58,0,1,0
42,214,87-ZF-66,Temsa,LF12,RL,2,6,20190925,37,58,0,1,0
42,215,85-ZF-57,Temsa,LF12,RL,2,6,20190925,37,58,0,1,0
42,216,86-ZF-75,Temsa,LF12,RL,2,6,20190925,37,58,0,1,0
42,217,84-ZF-75,Temsa,LF12,RL,2,6,20190925,37,58,0,1,0
42,218,87-ZF-53,Temsa,LF12,RL,2,6,20190925,37,58,0,1,0
42,2200,AR-66-NL,MB,O 530 CITARO K,RL,2,6,20220621,28,57,0,1,0
42,2201,AS-12-FQ,MB,O 530 CITARO K,RL,2,6,20220721,28,57,0,1,0
42,2202,AS-05-FQ,MB,O 530 CITARO K,RL,2,6,20220721,28,57,0,1,0
42,2203,AS-03-FQ,MB,O 530 CITARO K,RL,2,6,20230101,28,57,0,1,0
42,2204,AS-11-FQ,MB,O 530 CITARO K,RL,2,6,20230101,28,57,0,1,0
42,2205,AS-10-FQ,MB,O 530 CITARO K,RL,2,6,20230101,28,57,0,1,0
42,2206,AS-08-FQ,MB,O 530 CITARO K,RL,2,6,20230101,28,57,0,1,0
42,2207,AS-98-FP,MB,O 530 CITARO K,RL,2,6,20230101,28,57,0,1,0
42,2208,AS-97-FP,MB,O 530 CITARO K,RL,2,6,20230101,28,57,0,1,0
42,2209,AS-01-FQ,MB,O 530 CITARO K,RL,2,6,20230101,28,57,0,1,0
42,221,05-SQ-62,MB,O 530 CITARO K,RL,2,4,20071108,26,32,0,1,0
42,2210,AS-06-FQ,MB,O 530 CITARO K,RL,2,6,20230101,28,57,0,1,0
42,2211,AS-99-OA,MB,O 530 CITARO K,RL,2,6,20230101,28,57,0,1,0
42,2212,AS-74-OA,MB,O 530 CITARO K,RL,2,6,20230101,28,57,0,1,0
42,2213,AS-72-OA,MB,O 530 CITARO K,RL,2,6,20230101,28,57,0,1,0
42,2214,AS-80-OA,MB,O 530 CITARO K,RL,2,6,20230101,28,57,0,1,0
42,2215,AS-89-OA,MB,O 530 CITARO K,RL,2,6,20230101,28,57,0,1,0
42,2216,AS-94-OA,MB,O 530 CITARO K,RL,2,6,20230101,28,57,0,1,0
42,2217,AS-90-OA,MB,O 530 CITARO K,RL,2,6,20230101,28,57,0,1,0
42,2218,AS-95-OA,MB,O 530 CITARO K,RL,2,6,20230101,28,57,0,1,0
42,2219,AS-96-OA,MB,O 530 CITARO K,RL,2,6,20230101,28,57,1,1,0
42,222,98-SQ-87,MB,O 530 CITARO K,RL,2,4,20071108,26,37,0,1,0
42,2220,AS-79-OA,MB,O 530 CITARO K,RL,2,6,20230101,28,57,0,1,0
42,2221,AS-87-OA,MB,O 530 CITARO K,RL,2,6,20230101,28,57,1,1,0
42,223,05-SQ-65,MB,O 530 CITARO K,RL,2,4,20071108,26,32,0,1,0
42,224,05-SQ-63,MB,O 530 CITARO K,RL,2,4,20070508,26,32,0,1,0
42,226,85-SR-04,MB,O 530 CITARO K,RL,2,5,20081028,25,32,0,1,0
42,2300,AL-65-VT,MB,Conecto,RL,2,6,20211215,27,82,0,1,0
42,2301,AL-61-VT,MB,Conecto,RL,2,6,20211215,27,82,0,1,0
42,2302,AL-67-VT,MB,Conecto,RL,2,6,20211215,27,82,0,1,0
42,2303,AL-48-VT,MB,Conecto,RL,2,6,20211215,27,82,0,1,0
42,2304,AL-01-VT,MB,Conecto,RL,2,6,20211215,27,82,0,1,0
42,2305,AL-16-VT,MB,Conecto,RL,2,6,20211215,27,82,0,1,0
42,2306,AL-89-VS,MB,Conecto,RL,2,6,20211215,27,82,0,1,0
42,2307,AL-31-VT,MB,Conecto,RL,2,6,20211215,27,82,0,1,0
42,2308,AL-10-VT,MB,Conecto,RL,2,6,20211215,27,82,0,1,0
42,2309,AL-57-VT,MB,Conecto,RL,2,6,20211215,27,82,0,1,0
42,2310,AL-25-VT,MB,Conecto,RL,2,6,20211215,27,82,1,1,0
42,2311,AQ-81-DS,MB,Conecto,RL,2,6,20220405,27,82,1,1,0
42,2312,AQ-79-DS,MB,Conecto,RL,2,6,20220405,27,82,1,1,0
42,2313,AQ-64-QI,MB,Conecto,RL,2,6,20220503,27,82,0,1,0
42,2314,AQ-61-QI,MB,Conecto,RL,2,6,20220503,27,82,0,1,0
42,2315,AQ-58-QI,MB,Conecto,RL,2,6,20220503,27,82,0,1,0
42,2316,AQ-54-QI,MB,Conecto,RL,2,6,20220503,27,82,0,1,0
42,2317,AR-80-AG,MB,Conecto,RL,2,6,20230101,27,82,1,1,0
42,2318,AR-87-AG,MB,Conecto,RL,2,6,20230101,27,82,0,1,0
42,2319,AR-91-AG,MB,Conecto,RL,2,6,20230101,27,82,0,1,0
42,232,56-US-92,MB,O 530 CITARO K,RL,2,4,20070810,27,32,0,1,0
42,2320,AR-81-AG,MB,Conecto,RL,2,6,20230101,27,82,0,1,0
42,2321,AR-83-AG,MB,Conecto,RL,2,6,20230101,27,82,0,1,0
42,2322,AR-84-AG,MB,Conecto,RL,2,6,20230101,27,82,0,1,0
42,2323,AR-94-AG,MB,Conecto,RL,2,6,20230101,27,82,0,1,0
42,2324,AR-70-DA,MB,Conecto,RL,2,6,20230101,27,82,0,1,0
42,2325,AR-80-DA,MB,Conecto,RL,2,6,20230101,27,82,0,1,0
42,2326,AR-60-EV,MB,Conecto,RL,2,6,20230101,27,82,0,1,0
42,2327,AR-76-EV,MB,Conecto,RL,2,6,20230101,27,82,0,1,0
42,2328,AR-77-EV,MB,Conecto,RL,2,6,20230101,27,82,0,1,0
42,2329,AR-80-EV,MB,Conecto,RL,2,6,20230101,27,82,0,1,0
42,2330,AR-77-DA,MB,Conecto,RL,2,6,20230101,27,82,0,1,0
42,2331,AR-82-DA,MB,Conecto,RL,2,6,20230101,27,82,0,1,0
42,2332,AR-10-GX,MB,Conecto,RL,2,6,20230101,27,82,0,1,0
42,2333,AR-66-EV,MB,Conecto,RL,2,6,20230101,27,82,0,1,0
42,2334,AR-76-DA,MB,Conecto,RL,2,6,20230101,27,82,0,1,0
42,2335,AR-64-EV,MB,Conecto,RL,2,6,20230101,27,82,0,1,0
42,2336,AR-81-DA,MB,Conecto,RL,2,6,20220531,27,82,0,1,0
42,2337,AR-94-GV,MB,Conecto,RL,2,6,20220606,27,82,0,1,0
42,2338,AR-92-LX,MB,Conecto,RL,2,6,20220716,27,82,0,1,0
42,2339,AR-53-GI,MB,Conecto,RL,2,6,20230101,27,82,0,1,0
42,234,60-US-19,MB,O 530 CITARO K,RL,2,4,20071217,29,32,0,1,0
42,2340,AR-67-LX,MB,Conecto,RL,2,6,20220617,27,82,0,1,0
42,2341,AR-72-LX,MB,Conecto,RL,2,6,20230101,27,82,0,1,0
42,2342,AR-78-LX,MB,Conecto,RL,2,6,20220617,27,82,0,1,0
42,2343,AR-97-GV,MB,Conecto,RL,2,6,20230101,27,82,0,1,0
42,2344,AR-10-PH,MB,Conecto,RL,2,6,20230101,27,82,0,1,0
42,2345,AR-09-PH,MB,Conecto,RL,2,6,20230101,27,82,1,1,0
42,2346,AR-00-PH,MB,Conecto,RL,2,6,20230101,27,82,0,1,0
42,2347,AR-58-LX,MB,Conecto,RL,2,6,20230101,27,82,0,1,0
42,2348,AR-48-TF,MB,Conecto,RL,2,6,20230101,27,82,0,1,0
42,2349,AR-55-TF,MB,Conecto,RL,2,6,20230101,27,82,0,1,0
42,235,58-US-86,MB,O 530 CITARO K,RL,2,4,20070328,27,32,0,1,0
42,2350,AR-66-RA,MB,Conecto,RL,2,6,20230101,27,82,0,1,0
42,2351,AR-64-RA,MB,Conecto,RL,2,6,20230101,27,82,0,1,0
42,2352,AR-50-GI,MB,Conecto,RL,2,6,20230101,27,82,0,1,0
42,2353,AR-95-PG,MB,Conecto,RL,2,6,20230101,27,82,0,1,0
42,2354,AR-04-PH,MB,Conecto,RL,2,6,20230101,27,82,0,1,0
42,2355,AR-80-XT,MB,Conecto,RL,2,6,20230101,27,82,0,1,0
42,2356,AR-29-ZS,MB,Conecto,RL,2,6,20230101,27,82,0,1,0
42,2357,AR-04-GX,MB,Conecto,RL,2,6,20230101,27,82,0,1,0
42,2358,AR-27-ZS,MB,Conecto,RL,2,6,20230101,27,82,0,1,0
42,2359,AR-30-ZS,MB,Conecto,RL,2,6,20230101,27,82,0,1,0
42,236,48-UP-24,MB,O 530 CITARO K,RL,2,4,20071219,27,32,0,1,0
42,2360,AR-35-ZS,MB,Conecto,RL,2,6,20230101,27,82,0,1,0
42,2361,AR-32-ZS,MB,Conecto,RL,2,6,20230101,27,82,0,1,0
42,2362,AR-85-XT,MB,Conecto,RL,2,6,20230101,27,82,0,1,0
42,2363,AR-28-ZS,MB,Conecto,RL,2,6,20230101,27,82,0,1,0
42,2364,AS-64-NL,MB,Conecto,RL,2,6,20230101,27,82,0,1,0
42,2365,AS-53-NL,MB,Conecto,RL,2,6,20230101,27,82,0,1,0
42,2366,AS-56-NL,MB,Conecto,RL,2,6,20230101,27,82,0,1,0
42,2367,AS-99-OO,MB,Conecto,RL,2,6,20230101,27,82,0,1,0
42,2368,AS-80-PP,MB,Conecto,RL,2,6,20230101,27,82,0,1,0
42,2369,AS-91-PP,MB,Conecto,RL,2,6,20230101,27,82,0,1,0
42,2370,AS-81-QZ,MB,Conecto,RL,2,6,20230101,27,82,0,1,0
42,2371,AS-82-QZ,MB,Conecto,RL,2,6,20230101,27,82,0,1,0
42,2372,AS-05-UA,MB,Conecto,RL,2,6,20230101,27,82,0,1,0
42,2373,AS-08-UA,MB,Conecto,RL,2,6,20230101,27,82,0,1,0
42,2374,AS-22-UA,MB,Conecto,RL,2,6,20230101,27,82,0,1,0
42,2375,AS-15-UA,MB,Conecto,RL,2,6,20230101,27,82,0,1,0
42,2376,AS-12-UA,MB,Conecto,RL,2,6,20230101,27,82,0,1,0
42,2377,AS-64-PP,MB,Conecto,RL,2,6,20230101,27,82,0,1,0
42,2378,AS-68-PP,MB,Conecto,RL,2,6,20230101,27,82,1,1,0
42,2379,AS-21-UA,MB,Conecto,RL,2,6,20230101,27,82,1,1,0
42,2400,BB-52-CG,Zhongtong,ZNT,RL,6,6,20230523,32,53,0,0,0
42,2401,BB-64-CJ,Zhongtong,ZNT,RL,6,6,20230523,32,53,0,0,0
42,2402,BB-29-CG,Zhongtong,ZNT,RL,6,6,20230523,32,53,0,0,0
42,2403,BB-51-CH,Zhongtong,ZNT,RL,6,6,20230523,32,53,0,0,0
42,2404,BB-07-CH,Zhongtong,ZNT,RL,6,6,20230523,32,53,0,0,0
42,2405,BB-49-CJ,Zhongtong,ZNT,RL,6,6,20230523,32,53,0,0,0
42,2406,BB-65-CF,Zhongtong,ZNT,RL,6,6,20230523,32,53,0,0,0
42,2407,BB-80-CF,Zhongtong,ZNT,RL,6,6,20230523,32,53,0,0,0
42,2408,BB-47-CI,Zhongtong,ZNT,RL,6,6,20230523,32,53,0,0,0
42,2409,BB-38-CI,Zhongtong,ZNT,RL,6,6,20230523,32,53,0,0,0
42,2410,BB-95-CI,Zhongtong,ZNT,RL,6,6,20230523,32,53,0,0,0
42,2411,BB-01-CF,Zhongtong,ZNT,RL,6,6,20230523,32,53,0,0,0
42,2412,BB-18-CJ,Zhongtong,ZNT,RL,6,6,20230523,32,53,0,0,0
42,2413,BB-60-CF,Zhongtong,ZNT,RL,6,6,20230523,32,53,0,0,0
42,2414,BB-43-CH,Zhongtong,ZNT,RL,6,6,20230523,32,53,0,0,0
42,2415,BB-52-CH,Zhongtong,ZNT,RL,6,6,20230523,32,53,0,0,0
42,2416,BB-21-CF,Zhongtong,ZNT,RL,6,6,20230523,32,53,0,0,0
42,2417,BB-51-CG,Zhongtong,ZNT,RL,6,6,20230523,32,53,0,0,0
42,2418,BB-57-CG,Zhongtong,ZNT,RL,6,6,20230523,32,53,0,0,0
42,2419,BB-35-CI,Zhongtong,ZNT,RL,6,6,20230523,32,53,0,0,0
42,2420,BB-62-CJ,Zhongtong,ZNT,RL,6,6,20230523,32,53,0,0,0
42,2421,BB-59-CH,Zhongtong,ZNT,RL,6,6,20230523,32,53,0,0,0
42,2422,BB-06-CF,Zhongtong,ZNT,RL,6,6,20230523,32,53,0,0,0
42,2423,BB-39-CI,Zhongtong,ZNT,RL,6,6,20230523,32,53,0,0,0
42,2424,BB-69-CG,Zhongtong,ZNT,RL,6,6,20230523,32,53,0,0,0
42,250,75-ZB-65,MB,Citaro C2,RL,2,6,20140129,34,61,0,1,0
42,2500,AL-32-VT,MB,Conecto,RL,2,6,20211215,27,82,0,1,0
42,2501,AL-44-VT,MB,Conecto,RL,2,6,20211215,27,82,0,1,0
42,2502,AL-94-VS,MB,Conecto,RL,2,6,20211215,27,82,0,1,0
42,2503,AL-85-VS,MB,Conecto,RL,2,6,20211215,27,82,0,1,0
42,2504,AL-33-VT,MB,Conecto,RL,2,6,20211215,27,82,0,1,0
42,2505,AL-29-VT,MB,Conecto,RL,2,6,20211215,27,82,0,1,0
42,2506,AL-77-VS,MB,Conecto,RL,2,6,20211215,27,82,0,1,0
42,2507,AL-24-VT,MB,Conecto,RL,2,6,20211215,27,82,0,1,0
42,2508,AL-09-VT,MB,Conecto,RL,2,6,20211215,27,82,0,1,0
42,2509,AL-49-VT,MB,Conecto,RL,2,6,20211215,27,82,0,1,0
42,251,25-ZF-53,MB,Citaro C2,RL,2,6,20140611,34,63,0,1,0
42,2510,AL-50-VT,MB,Conecto,RL,2,6,20221215,27,82,0,1,0
42,2511,AL-83-VS,MB,Conecto,RL,2,6,20230621,27,82,0,1,0
42,2512,AL-63-VT,MB,Conecto,RL,2,6,20211215,27,82,0,1,0
42,2513,AL-64-VT,MB,Conecto,RL,2,6,20211215,27,82,1,1,0
42,2514,AL-26-VT,MB,Conecto,RL,2,6,20211215,27,82,0,1,0
42,2515,AL-62-VT,MB,Conecto,RL,2,6,20211221,27,82,0,1,0
42,2516,AL-69-VT,MB,Conecto,RL,2,6,20211212,27,82,1,1,0
42,2517,AL-81-VS,MB,Conecto,RL,2,6,20211215,27,82,0,1,0
42,2518,AL-18-VT,MB,Conecto,RL,2,6,20211215,27,82,0,1,0
42,2519,AL-02-VT,MB,Conecto,RL,2,6,20211215,27,82,0,1,0
42,252,22-ZH-45,MB,Citaro C2,RL,2,6,20131001,35,61,0,1,0
42,2520,AL-03-VT,MB,Conecto,RL,2,6,20211215,27,82,0,1,0
42,2521,AL-74-VS,MB,Conecto,RL,2,6,20211215,27,82,1,1,0
42,2522,AL-97-VS,MB,Conecto,RL,2,6,20211215,27,82,0,1,0
42,2523,AL-14-VT,MB,Conecto,RL,2,6,20211215,27,82,1,1,0
42,2524,AL-12-VT,MB,Conecto,RL,2,6,20211215,27,82,0,1,0
42,2525,AQ-80-DS,MB,Conecto,RL,2,6,20220405,27,82,1,1,0
42,2526,AQ-83-DS,MB,Conecto,RL,2,6,20220405,27,82,1,1,0
42,2527,AQ-19-FI,MB,Conecto,RL,2,6,20220408,27,82,0,1,0
42,2528,AQ-23-ME,MB,Conecto,RL,2,6,20220426,27,82,0,1,0
42,2529,AQ-60-QI,MB,Conecto,RL,2,6,20220503,27,82,0,1,0
42,253,97-ZE-67,MB,Citaro C2,RL,2,6,20130620,34,64,0,1,0
42,2530,AQ-66-QI,MB,Conecto,RL,2,6,20220503,27,82,0,1,0
42,2531,AR-82-AG,MB,Conecto,RL,2,6,20220523,27,82,0,1,0
42,2532,AR-85-AG,MB,Conecto,RL,2,6,20220523,27,82,0,1,0
42,2533,AR-97-AG,MB,Conecto,RL,2,6,20220523,27,82,0,1,0
42,2534,AR-95-AG,MB,Conecto,RL,2,6,20220523,27,82,0,1,0
42,2535,AR-78-AG,MB,Conecto,RL,2,6,20220523,27,82,0,1,0
42,2536,AR-89-AG,MB,Conecto,RL,2,6,20220523,27,82,0,1,0
42,2537,AR-74-DA,MB,Conecto,RL,2,6,20220527,27,82,0,1,0
42,2538,AR-51-GI,MB,Conecto,RL,2,6,20220603,27,82,0,1,0
42,2539,AR-30-GI,MB,Conecto,RL,2,6,20220603,27,82,0,1,0
42,254,51-ZF-11,MB,Citaro C2,RL,2,6,20140129,35,61,0,1,0
42,2540,AR-01-HO,MB,Conecto,RL,2,6,20220607,27,82,0,1,0
42,2541,AR-98-HN,MB,Conecto,RL,2,6,20220607,27,82,0,1,0
42,2542,AR-97-HN,MB,Conecto,RL,2,6,20220607,27,82,0,1,0
42,2543,AR-11-GX,MB,Conecto,RL,2,6,20220606,27,82,0,1,0
42,2544,AR-03-HO,MB,Conecto,RL,2,6,20220607,27,82,0,1,0
42,2545,AR-02-HO,MB,Conecto,RL,2,6,20220607,27,82,0,1,0
42,2546,AR-99-HN,MB,Conecto,RL,2,6,20220607,27,82,0,1,0
42,2547,AR-69-EV,MB,Conecto,RL,2,6,20220531,27,82,0,1,0
42,2548,AR-75-DA,MB,Conecto,RL,2,6,20220527,27,82,0,1,0
42,2549,AR-02-GX,MB,Conecto,RL,2,6,20220606,27,82,0,1,0
42,255,28-ZE-38,MB,Citaro C2,RL,2,6,20130926,34,64,0,1,0
42,2550,AR-00-HO,MB,Conecto,RL,2,6,20220607,27,82,0,1,0
42,2551,AR-38-GI,MB,Conecto,RL,2,6,20220603,27,82,0,1,0
42,2552,AR-93-GV,MB,Conecto,RL,2,6,20220606,27,82,0,1,0
42,2553,AR-95-HN,MB,Conecto,RL,2,6,20220607,27,82,0,1,0
42,2554,AR-12-GX,MB,Conecto,RL,2,6,20220606,27,82,0,1,0
42,2555,AR-98-GV,MB,Conecto,RL,2,6,20220606,27,82,0,1,0
42,2556,AR-01-GX,MB,Conecto,RL,2,6,20220606,27,82,0,1,0
42,2557,AR-34-GI,MB,Conecto,RL,2,6,20220603,27,82,0,1,0
42,2558,AR-42-GI,MB,Conecto,RL,2,6,20220603,27,82,0,1,0
42,2559,AR-48-GI,MB,Conecto,RL,2,6,20220603,27,82,0,1,0
42,256,28-ZE-78,MB,Citaro C2,RL,2,6,20130913,32,40,0,1,0
42,2560,AR-54-GI,MB,Conecto,RL,2,6,20220603,27,82,0,1,0
42,2561,AR-70-EV,MB,Conecto,RL,2,6,20220531,27,82,0,1,0
42,2562,AR-91-LX,MB,Conecto,RL,2,6,20220617,27,82,0,1,0
42,2563,AR-92-GV,MB,Conecto,RL,2,6,20220606,27,82,0,1,0
42,2564,AS-61-NL,MB,Conecto,RL,2,6,20220803,27,82,0,1,0
42,2565,AS-55-NL,MB,Conecto,RL,2,6,20220803,27,82,0,1,0
42,2566,AS-95-OO,MB,Conecto,RL,2,6,20220805,27,82,0,1,0
42,2567,AS-96-OO,MB,Conecto,RL,2,6,20220805,27,82,0,1,0
42,2568,AS-03-OP,MB,Conecto,RL,2,6,20220805,27,82,0,1,0
42,2569,AS-90-OO,MB,Conecto,RL,2,6,20220805,27,82,0,1,0
42,257,29-ZE-58,MB,Citaro C2,RL,2,6,20130930,34,64,0,1,0
42,2570,AS-70-PP,MB,Conecto,RL,2,6,20220809,27,82,0,1,0
42,2571,AS-84-QZ,MB,Conecto,RL,2,6,20220812,27,82,0,1,0
42,2572,AS-67-PP,MB,Conecto,RL,2,6,20220809,27,82,0,1,0
42,2573,AS-87-QZ,MB,Conecto,RL,2,6,20220812,27,82,0,1,0
42,2574,AS-83-PP,MB,Conecto,RL,2,6,20220809,27,82,0,1,0
42,2575,AS-18-RO,MB,Conecto,RL,2,6,20220816,27,82,0,1,0
42,2576,AS-85-QZ,MB,Conecto,RL,2,6,20220812,27,82,0,1,0
42,2577,AS-07-RO,MB,Conecto,RL,2,6,20220816,27,82,0,1,0
42,2578,AS-86-QZ,MB,Conecto,RL,2,6,20220812,27,82,0,1,0
42,2579,AS-73-PP,MB,Conecto,RL,2,6,20220809,27,82,0,1,0
42,258,29-ZE-35,MB,Citaro C2,RL,2,6,20130620,34,64,0,1,0
42,2580,AS-83-QZ,MB,Conecto,RL,2,6,20220812,27,82,0,1,0
42,2581,AS-26-SN,MB,Conecto,RL,2,6,20230101,27,82,0,1,0
42,2582,AS-33-SN,MB,Conecto,RL,2,6,20230101,27,82,0,1,0
42,2583,AS-85-PP,MB,Conecto,RL,2,6,20230101,27,82,0,1,0
42,2584,AS-89-QZ,MB,Conecto,RL,2,6,20230101,27,82,0,1,0
42,2585,AS-06-UA,MB,Conecto,RL,2,6,20230101,27,82,0,1,0
42,2586,AS-16-UA,MB,Conecto,RL,2,6,20230101,27,82,0,1,0
42,2587,AS-18-UA,MB,Conecto,RL,2,6,20230101,27,82,0,1,0
42,2588,AS-23-UA,MB,Conecto,RL,2,6,20230101,27,82,0,1,0
42,2589,AS-09-UA,MB,Conecto,RL,2,6,20230101,27,82,0,1,0
42,259,73-ZE-62,MB,Citaro C2,RL,2,6,20140102,35,61,0,1,0
42,2590,AS-32-SN,MB,Conecto,RL,2,6,20220818,27,82,1,1,0
42,2591,AS-20-UA,MB,Conecto,RL,2,6,20230101,27,82,0,1,0
42,2592,AU-74-DS,MB,Conecto,RL,2,6,20230101,27,82,0,1,0
42,2593,AU-25-HS,MB,Conecto,RL,2,6,20230101,27,82,0,1,0
42,2594,AU-86-GM,MB,Conecto,RL,2,6,20230101,27,82,0,1,0
42,2595,AU-24-HS,MB,Conecto,RL,2,6,20221107,27,82,1,1,0
42,2596,AU-21-HS,MB,Conecto,RL,2,6,20221107,27,82,0,1,0
42,2597,AU-88-GM,MB,Conecto,RL,2,6,20221103,27,82,0,1,0
42,2598,AS-88-QZ,MB,Conecto,RL,2,6,20220812,27,82,0,1,0
42,260,73-ZE-57,MB,Citaro C2,RL,2,6,20140129,32,40,0,1,0
42,2600,BB-29-JA,toyota,caetano,JJ Santo Antnio  transp,6,3,20230604,37,42,0,1,0
42,2601,BB-40-QU,toyota,Caetano,jj santo Antnio,6,3,20230615,37,42,0,1,1
42,2602,BC-03-AO,toyota,Caetano,JJ Santo Antnio,6,3,20230627,37,42,0,1,0
42,2603,BC-55-AN,toyota,Caetano,JJ Santo Antnio transpor,6,3,20230627,37,42,0,1,0
42,2604,BC-36-Al,toyota,Caetano,JJ Santo Antnio transpor,6,3,20230627,38,42,0,1,0
42,2605,BC-75-JH,toyota,Caetano,JJ Santo Antnio,6,3,20230712,38,42,0,1,0
42,2606,BC-38-JF,toyota,Caetano,JJ Santo Antnio transpor,6,3,20230712,37,42,0,1,0
42,2607,BC-85-QB,toyota,Caetano,jj Santo Antnio transp,6,3,20230724,37,42,0,1,0
42,2608,BC-71-TB,toyota,Caetano,JJ Santo Antnio,6,3,20230727,37,42,0,0,0
42,2609,BC-66-TB,toyota,Caetano,JJ Santo Antnio,6,3,20230727,37,42,0,1,0
42,261,72-ZE-64,MB,Citaro C2,RL,2,6,20130620,32,40,0,1,0
42,2610,BC-91-NX,toyota,Caetano,JJ Santo Antnio Transp,6,3,20230719,37,42,0,0,0
42,2611,BC-39-QB,toyota,Caetano,JJ Santo Antnio,6,3,20230724,37,42,0,1,0
42,2612,BC-44-QD,toyota,Caetano,JJ Santo Antnio transp,6,3,20230724,37,42,0,0,0
42,2613,BC-73-NZ,toyota,Caetano,JJ Santo Antnio transp,6,3,20230719,37,42,0,0,0
42,2614,BC-71-UM,toyota,Caetano,JJ Santo Antnio Transp,6,3,20230720,37,42,0,0,0
42,262,34-ZG-75,MB,Citaro C2,RL,2,6,20131001,32,40,0,1,0
42,263,34-ZG-44,MB,Citaro C2,RL,2,6,20140102,32,40,0,1,0
42,264,34-ZG-42,MB,Citaro C2,RL,2,6,20130620,32,40,0,1,0
42,265,22-ZH-98,MB,Citaro C2,RL,2,6,20140102,32,40,0,1,0
42,266,23-ZH-79,MB,Citaro C2,RL,2,6,20131001,32,40,0,1,0
42,267,43-ZH-77,MB,Citaro C2,RL,2,6,20130620,32,40,0,1,0
42,268,68-ZH-89,MB,Citaro C2,RL,2,6,20131001,32,40,0,1,0
42,269,67-ZH-47,MB,Citaro C2,RL,2,6,20130110,32,40,0,1,0
42,270,54-ZH-32,MB,Citaro C2,RL,2,6,20131001,32,40,0,1,0
42,2700,AR-59-LX,MB,INTOURO M,RL,2,6,20220617,57,32,0,1,0
42,2701,AR-03-PH,MB,INTOURO M,RL,2,6,20220623,57,32,0,1,0
42,2702,AS-32-CE,MB,INTOURO M,RL,2,6,20220714,57,32,0,1,0
42,2703,AR-48-ZS,MB,INTOURO M,RL,2,6,20220708,57,32,0,1,0
42,2704,AS-34-SN,MB,INTOURO M,RL,2,6,20220818,57,32,0,1,0
42,2705,AS-11-UA,MB,INTOURO M,RL,2,6,20220823,57,32,0,1,0
42,2706,AS-35-SN,MB,INTOURO M,RL,2,6,20220818,57,32,0,1,0
42,2707,AU-71-DS,MB,INTOURO M,RL,2,6,20230101,57,32,0,1,0
42,2708,AU-32-CH,MB,INTOURO M,RL,2,6,20230101,57,32,0,1,0
42,2709,AU-22-FV,MB,INTOURO M,RL,2,6,20230101,57,32,1,1,0
42,271,79-ZH-06,MB,Citaro C2,RL,2,6,20130620,32,40,0,1,0
42,2710,AU-17-FV,MB,INTOURO M,RL,2,6,20230101,57,32,0,1,0
42,2711,AU-27-FV,MB,INTOURO M,RL,2,6,20230101,57,32,0,1,0
42,2712,AU-29-FV,MB,INTOURO M,RL,2,6,20230101,57,32,0,1,0
42,2713,AU-85-GM,MB,INTOURO M,RL,2,6,20230101,57,32,0,1,0
42,2720,AU-24-FV,MB,INTOURO S,RL,2,6,20230101,52,32,0,1,0
42,2721,AT-59-AJ,MB,INTOURO S,RL,2,6,20230101,52,32,0,0,0
42,2722,AU-12-TX,MB,INTOURO S,RL,2,6,20230101,52,32,0,0,0
42,2723,AU-13-TX,MB,INTOURO S,RL,2,6,20230101,52,32,0,0,0
42,2750,AR-85-LX,MB,INTOURO S,RL,2,6,20220617,52,32,0,1,0
42,2751,AR-26-ZS,MB,INTOURO S,RL,2,6,20220708,52,32,0,1,0
42,2752,AR-46-ZS,MB,INTOURO S,RL,2,6,20220708,52,32,0,1,0
42,2753,AS-36-CE,MB,INTOURO S,RL,2,6,20220714,52,32,0,1,0
42,2754,AS-74-CT,MB,INTOURO S,RL,2,6,20220715,52,32,0,1,0
42,2755,AS-40-CE,MB,INTOURO S,RL,2,6,20220417,52,32,0,1,0
42,2756,AR-74-NL,MB,INTOURO S,RL,2,6,20220621,52,32,0,1,0
42,2757,AR-87-LX,MB,INTOURO S,RL,2,6,20220701,52,32,0,1,0
42,2758,AR-74-LX,MB,INTOURO S,RL,2,6,20220701,52,32,0,1,0
42,2759,AR-86-LX,MB,INTOURO S,RL,2,6,20220701,52,32,0,1,0
42,2760,AR-68-LX,MB,INTOURO S,RL,2,6,20220701,52,32,0,1,0
42,2761,AR-76-LX,MB,INTOURO S,RL,2,6,20220701,52,32,0,1,0
42,2762,AR-96-HN,MB,INTOURO S,RL,2,6,20220701,52,32,0,1,0
42,2763,AS-10-UA,MB,INTOURO S,RL,2,6,20230101,52,32,0,1,0
42,2764,AT-74-FZ,MB,INTOURO S,RL,2,6,20230101,52,32,0,1,0
42,2765,AT-75-FZ,MB,INTOURO S,RL,2,6,20230101,52,32,0,1,0
42,2766,AT-78-FZ,MB,INTOURO S,RL,2,6,20230101,52,32,0,1,0
42,2767,AR-38-ZS,MB,INTOURO S,RL,2,6,20230101,52,32,0,1,0
42,2768,AT-77-FZ,MB,INTOURO S,RL,2,6,20230101,52,32,0,1,0
42,2769,AU-68-DS,MB,INTOURO S,RL,2,6,20230101,52,32,0,1,0
42,2770,AS-07-UA,MB,INTOURO M,RL,2,6,20230101,57,32,0,1,0
42,2771,AS-27-SN,MB,INTOURO M,RL,2,6,20230101,57,32,0,1,0
42,2772,AS-13-UA,MB,INTOURO M,RL,2,6,20230101,57,32,0,1,0
42,2773,AT-58-AJ,MB,INTOURO M,RL,2,6,20230101,57,32,0,1,0
42,2774,AT-63-AJ,MB,INTOURO M,RL,2,6,20230101,57,32,0,1,0
42,2775,AT-14-EM,MB,INTOURO M,RL,2,6,20230101,57,32,0,1,0
42,2776,AT-61-AJ,MB,INTOURO M,RL,2,6,20230101,57,32,0,1,0
42,2777,AT-76-FZ,MB,INTOURO M,RL,2,6,20230101,57,32,0,1,0
42,2778,AT-13-EM,MB,INTOURO M,RL,2,6,20230101,57,32,0,1,0
42,2779,AT-79-FZ,MB,INTOURO M,RL,2,6,20230101,57,32,0,1,0
42,2780,AT-41-DV,MB,INTOURO M,RL,2,6,20230101,57,32,0,1,0
42,2781,AU-69-DS,MB,INTOURO M,RL,2,6,20230101,57,32,0,1,0
42,2782,AU-37-CH,MB,INTOURO M,RL,2,6,20230101,57,32,0,1,0
42,2783,AU-34-CH,MB,INTOURO M,RL,2,6,20230101,57,32,0,1,0
42,2784,AU-23-HS,MB,INTOURO M,RL,2,6,20230101,57,32,0,1,0
42,2785,AU-87-GM,MB,INTOURO M,RL,2,6,20230101,57,32,0,1,0
42,2786,AU-30-FV,MB,INTOURO M,RL,2,6,20230101,57,32,0,1,0
42,280,AB-16-EA,MB,Conecto,RL,2,6,20200609,26,80,0,1,0
42,281,AB-17-EA,MB,Conecto,RL,2,6,20200609,26,80,0,1,0
42,282,AB-19-EA,MB,Conecto,RL,2,6,20200609,26,80,0,1,0
42,283,AB-15-EA,MB,Conecto,RL,2,6,20200609,26,80,0,1,0
42,284,AB-18-EA,MB,Conecto,RL,2,6,20200609,26,80,0,1,0
42,285,38-ZE-38,MB,Conecto,RL,2,6,20190910,30,65,0,1,0
42,286,80-ZR-18,MB,Conecto,RL,2,6,20200103,26,82,0,1,0
42,287,80-ZR-40,MB,Conecto,RL,2,6,20200103,26,82,0,1,0
42,292,36-ZF-46,MB,Citaro G,RL,2,4,20071214,50,70,0,1,0
42,293,53-ZN-02,MB,Citaro G,RL,2,5,20110301,51,93,0,1,0
42,294,02-ZP-57,MB,Citaro G,RL,2,5,20110329,51,93,1,1,0
42,295,44-ZO-26,MB,Citaro G,RL,2,5,20110329,51,93,0,1,0
42,296,52-ZN-58,MB,Citaro G,RL,2,5,20110329,54,93,0,1,0
42,297,98-ZO-08,MB,Citaro G,RL,2,5,20110728,54,93,0,1,0
42,374,54-XV-85,MB,O 530 CITARO LE,RL,2,5,20090618,37,58,0,1,0
42,522,40-SA-18,Solaris,Urbino,RL,2,5,20120606,42,26,0,1,0
42,543,55-UZ-86,MAN,A66,RL,2,4,20081020,26,27,0,1,0
42,544,49-XI-83,MAN,18.310,RL,8,6,20190303,36,40,0,1,0
42,545,28-XS-39,IVECO,IS72C12DA,RL,8,6,20190614,19,12,0,1,0
42,546,28-XS-53,IVECO,IS72C12DA,RL,8,6,20190614,19,12,0,1,0
42,695,AC-34-SL,MAN,Lion City,RL,8,6,20141015,51,18,0,1,0
42,71,07-IT-92,BMC,Probus Hawk,RL,2,5,20100211,29,28,0,1,0
42,722,19-XP-79,SETRA,S 415 NF,RL,2,5,20091124,39,41,0,1,0
42,723,98-QS-10,SETRA,S 415 NF,RL,2,5,20090706,42,24,0,1,0
42,85,17-PI-91,BMC,Probus 215,RL,2,5,20120315,23,28,0,1,0
42,86,17-PI-92,BMC,Probus 215,RL,2,5,20120516,23,28,0,1,0
42,87,00-PN-65,BMC,Probus Hawk,RL,2,5,20110111,29,32,0,1,0
42,1001,AJ02RF,Mercedes,Intouro,Barraqueiro Transportes SA,2,6,20211001,51,29,0,1,0
42,1002,AJ03RF,Mercedes,Intouro,Barraqueiro Transportes SA,2,6,20211001,51,29,0,1,0
42,1003,AL22VT,Mercedes,Intouro,Barraqueiro Transportes SA,2,6,20211215,51,29,0,1,0
42,1004,AL40VT,Mercedes,Intouro,Barraqueiro Transportes SA,2,6,20211215,51,29,0,1,0
42,1005,AL51VT,Mercedes,Intouro,Barraqueiro Transportes SA,2,6,20211215,51,29,0,1,0
42,1006,AL66VT,Mercedes,Intouro,Barraqueiro Transportes SA,2,6,20211215,51,29,0,1,0
42,1007,AL74VT,Mercedes,Intouro,Barraqueiro Transportes SA,2,6,20211215,51,29,0,1,0
42,1008,AL76VS,Mercedes,Intouro,Barraqueiro Transportes SA,2,6,20211215,51,29,0,1,0
42,1009,AL79VS,Mercedes,Intouro,Barraqueiro Transportes SA,2,6,20211215,51,29,0,1,0
42,1010,AL87VS,Mercedes,Intouro,Barraqueiro Transportes SA,2,6,20211215,51,29,0,1,0
42,1011,AR00GX,Mercedes,Intouro,Barraqueiro Transportes SA,2,6,20220606,51,32,0,1,0
42,1012,AR05GX,Mercedes,Intouro,Barraqueiro Transportes SA,2,6,20220606,51,32,0,1,0
42,1013,AR06GX,Mercedes,Intouro,Barraqueiro Transportes SA,2,6,20220606,51,32,0,1,0
42,1014,AR96GV,Mercedes,Intouro,Barraqueiro Transportes SA,2,6,20220606,51,32,0,1,0
42,1015,AR99GV,Mercedes,Intouro,Barraqueiro Transportes SA,2,6,20220606,51,32,0,1,0
42,1050,AJ00RF,Mercedes,Intouro L,Barraqueiro Transportes SA,2,6,20211001,59,26,0,1,0
42,1051,AJ01RF,Mercedes,Intouro L,Barraqueiro Transportes SA,2,6,20211001,59,26,0,1,0
42,1052,AJ98RE,Mercedes,Intouro L,Barraqueiro Transportes SA,2,6,20211001,59,26,0,1,0
42,1053,AJ99RE,Mercedes,Intouro L,Barraqueiro Transportes SA,2,6,20211001,59,26,0,1,0
42,1054,AL00VT,Mercedes,Intouro L,Barraqueiro Transportes SA,2,6,20211215,59,26,0,1,0
42,1055,AL05VT,Mercedes,Intouro L,Barraqueiro Transportes SA,2,6,20211215,59,26,0,1,0
42,1056,AL07VT,Mercedes,Intouro L,Barraqueiro Transportes SA,2,6,20211215,59,26,0,1,0
42,1057,AL08VT,Mercedes,Intouro L,Barraqueiro Transportes SA,2,6,20211215,59,26,0,1,0
42,1058,AL13VT,Mercedes,Intouro L,Barraqueiro Transportes SA,2,6,20211215,59,26,0,1,0
42,1059,AL17VT,Mercedes,Intouro L,Barraqueiro Transportes SA,2,6,20211215,59,26,0,1,0
42,1060,AL28VT,Mercedes,Intouro L,Barraqueiro Transportes SA,2,6,20211215,59,26,0,1,0
42,1061,AL37VT,Mercedes,Intouro L,Barraqueiro Transportes SA,2,6,20211215,59,26,0,1,0
42,1062,AL41VT,Mercedes,Intouro L,Barraqueiro Transportes SA,2,6,20211215,59,26,0,1,0
42,1063,AL43VT,Mercedes,Intouro L,Barraqueiro Transportes SA,2,6,20211215,59,26,0,1,0
42,1064,AL45VT,Mercedes,Intouro L,Barraqueiro Transportes SA,2,6,20211215,59,26,0,1,0
42,1065,AL52VT,Mercedes,Intouro L,Barraqueiro Transportes SA,2,6,20211215,59,26,0,1,0
42,1066,AL55VT,Mercedes,Intouro L,Barraqueiro Transportes SA,2,6,20211215,59,26,0,1,0
42,1067,AL59VT,Mercedes,Intouro L,Barraqueiro Transportes SA,2,6,20211215,59,26,0,1,0
42,1068,AL70VT,Mercedes,Intouro L,Barraqueiro Transportes SA,2,6,20211215,59,26,0,1,0
42,1069,AL72VT,Mercedes,Intouro L,Barraqueiro Transportes SA,2,6,20211215,59,26,0,1,0
42,1070,AL73VT,Mercedes,Intouro L,Barraqueiro Transportes SA,2,6,20211215,59,26,0,1,0
42,1071,AL75VS,Mercedes,Intouro L,Barraqueiro Transportes SA,2,6,20211215,59,26,0,1,0
42,1072,AL75VT,Mercedes,Intouro L,Barraqueiro Transportes SA,2,6,20211215,59,26,0,1,0
42,1073,AL77VT,Mercedes,Intouro L,Barraqueiro Transportes SA,2,6,20211215,59,26,0,1,0
42,1074,AL84VS,Mercedes,Intouro L,Barraqueiro Transportes SA,2,6,20211215,59,26,0,1,0
42,1075,AL88XL,Mercedes,Intouro L,Barraqueiro Transportes SA,2,6,20211216,59,26,0,1,0
42,1076,AL93VS,Mercedes,Intouro L,Barraqueiro Transportes SA,2,6,20211215,59,26,0,1,0
42,1077,AL95VS,Mercedes,Intouro L,Barraqueiro Transportes SA,2,6,20211215,59,26,0,1,0
42,1078,AL96VS,Mercedes,Intouro L,Barraqueiro Transportes SA,2,6,20211215,59,26,0,1,0
42,1079,AL98VS,Mercedes,Intouro L,Barraqueiro Transportes SA,2,6,20211215,59,26,0,1,0
42,1080,AR08GX,Mercedes,Intouro M,Barraqueiro Transportes SA,2,6,20220606,57,32,0,1,0
42,1081,AR13GX,Mercedes,Intouro M,Barraqueiro Transportes SA,2,6,20220606,57,32,0,1,0
42,1082,AR39UI,Mercedes,Intouro M,Barraqueiro Transportes SA,2,6,20220630,57,32,0,1,0
42,1083,AR40UI,Mercedes,Intouro M,Barraqueiro Transportes SA,2,6,20220630,57,32,0,1,0
42,1084,AR43UI,Mercedes,Intouro M,Barraqueiro Transportes SA,2,6,20220630,57,32,0,1,0
42,1085,AR44TF,Mercedes,Intouro M,Barraqueiro Transportes SA,2,6,20220629,57,32,0,1,0
42,1086,AR44UI,Mercedes,Intouro M,Barraqueiro Transportes SA,2,6,20220630,57,32,0,1,0
42,1087,AR45UI,Mercedes,Intouro M,Barraqueiro Transportes SA,2,6,20220630,57,32,0,1,0
42,1088,AR47TF,Mercedes,Intouro M,Barraqueiro Transportes SA,2,6,20220629,57,32,0,1,0
42,1089,AR49TF,Mercedes,Intouro M,Barraqueiro Transportes SA,2,6,20220629,57,32,0,1,0
42,1090,AR53TF,Mercedes,Intouro M,Barraqueiro Transportes SA,2,6,20220629,57,32,0,1,0
42,1091,AR61LX,Mercedes,Intouro M,Barraqueiro Transportes SA,2,6,20220617,57,32,0,1,0
42,1092,AR64LX,Mercedes,Intouro M,Barraqueiro Transportes SA,2,6,20220617,57,32,0,1,0
42,1093,AR65LX,Mercedes,Intouro M,Barraqueiro Transportes SA,2,6,20220617,57,32,0,1,0
42,1094,AR66LX,Mercedes,Intouro M,Barraqueiro Transportes SA,2,6,20220617,57,32,0,1,0
42,1095,AR70XT,Mercedes,Intouro M,Barraqueiro Transportes SA,2,6,20220706,57,32,0,1,0
42,1096,AR71LX,Mercedes,Intouro M,Barraqueiro Transportes SA,2,6,20220617,57,32,0,1,0
42,1097,AR73XT,Mercedes,Intouro M,Barraqueiro Transportes SA,2,6,20220706,57,32,0,1,0
42,1098,AR74XT,Mercedes,Intouro M,Barraqueiro Transportes SA,2,6,20220706,57,32,0,1,0
42,1099,AR75LX,Mercedes,Intouro M,Barraqueiro Transportes SA,2,6,20220617,57,32,0,1,0
42,1100,AR77LX,Mercedes,Intouro M,Barraqueiro Transportes SA,2,6,20220617,57,32,0,1,0
42,1101,AR81XT,Mercedes,Intouro M,Barraqueiro Transportes SA,2,6,20220706,57,32,0,1,0
42,1102,AR82LX,Mercedes,Intouro M,Barraqueiro Transportes SA,2,6,20220617,57,32,0,1,0
42,1103,AR82XT,Mercedes,Intouro M,Barraqueiro Transportes SA,2,6,20220706,57,32,0,1,0
42,1104,AR83LX,Mercedes,Intouro M,Barraqueiro Transportes SA,2,6,20220617,57,32,0,1,0
42,1105,AR89LX,Mercedes,Intouro M,Barraqueiro Transportes SA,2,6,20220617,57,32,0,1,0
42,1106,AS28SN,Mercedes,Intouro M,Barraqueiro Transportes SA,2,6,20220823,57,32,0,1,0
42,1107,AS17UA,Mercedes,Intouro M,Barraqueiro Transportes SA,2,6,20220823,57,32,0,1,0
42,1108,AT10EM,Mercedes,Intouro M,Barraqueiro Transportes SA,2,6,20220913,57,32,0,1,0
42,1109,AT66CF,Mercedes,Intouro M,Barraqueiro Transportes SA,2,6,20220906,57,32,0,1,0
42,1110,AT60AJ,Mercedes,Intouro M,Barraqueiro Transportes SA,2,6,20220831,57,32,0,1,0
42,1111,AR79XT,Mercedes,Intouro M,Barraqueiro Transportes SA,2,6,20220706,57,32,0,1,0
42,1150,AS11MU,Caetano,Itrabus,Barraqueiro Transportes SA,2,6,20220802,24,9,0,1,1
42,1151,AS03MU,Caetano,Itrabus,Barraqueiro Transportes SA,2,6,20220802,24,9,0,1,1
42,1152,AS07MU,Caetano,Itrabus,Barraqueiro Transportes SA,2,6,20220802,24,9,0,1,1
42,1153,AS46TI,Caetano,Itrabus,Barraqueiro Transportes SA,2,6,20220802,24,9,0,1,1
42,1154,AS15XJ,Caetano,Itrabus,Barraqueiro Transportes SA,2,6,20220829,24,9,0,1,1
42,1155,AS28RL,Caetano,Itrabus,Barraqueiro Transportes SA,2,6,20220913,24,9,0,1,1
42,1157,AS20XJ,Caetano,Itrabus,Barraqueiro Transportes SA,2,6,20220913,24,9,0,1,1
42,1158,AS25XJ,Caetano,Itrabus,Barraqueiro Transportes SA,2,6,20220913,24,9,0,1,1
42,1159,AS42TI,Caetano,Itrabus,Barraqueiro Transportes SA,2,6,20220913,24,9,0,1,1
42,1160,AS47TI,Caetano,Itrabus,Barraqueiro Transportes SA,2,6,20220822,24,9,0,1,1
42,1180,AR92OC,Iveco,50C21,Barraqueiro Transportes SA,2,6,20220622,15,10,0,1,0
42,1181,AR29VA,Iveco,50C21,Barraqueiro Transportes SA,2,6,20220701,15,10,0,1,0
42,1182,AR39VA,Iveco,50C21,Barraqueiro Transportes SA,2,6,20220701,15,10,0,1,0
42,1183,AR87OC,Iveco,50C21,Barraqueiro Transportes SA,2,6,20220622,15,10,0,1,0
42,1201,AU75DS,Mercedes,Intouro,Barraqueiro Transportes SA,2,6,20221028,51,32,0,1,0
42,1202,AU23FV,Mercedes,Intouro,Barraqueiro Transportes SA,2,6,20221102,51,32,0,1,0
42,1203,AU26FV,Mercedes,Intouro,Barraqueiro Transportes SA,2,6,20221102,51,32,0,1,0
42,1204,AU29CH,Mercedes,Intouro,Barraqueiro Transportes SA,2,6,20221027,51,32,0,1,0
42,1205,AU30CH,Mercedes,Intouro,Barraqueiro Transportes SA,2,6,20221027,51,32,0,1,0
42,1206,AU31CH,Mercedes,Intouro,Barraqueiro Transportes SA,2,6,20221027,51,32,0,1,0
42,1207,AT52BT,Mercedes,Intouro,Barraqueiro Transportes SA,2,6,20220905,51,32,0,1,0
42,1208,AT45DV,Mercedes,Intouro,Barraqueiro Transportes SA,2,6,20220912,51,32,0,1,0
42,1209,AT46DV,Mercedes,Intouro,Barraqueiro Transportes SA,2,6,20220912,51,32,0,1,0
42,1210,AT15EM,Mercedes,Intouro,Barraqueiro Transportes SA,2,6,20220913,51,32,0,1,0
42,1211,AU19FV,Mercedes,Intouro,Barraqueiro Transportes SA,2,6,20221102,51,32,0,1,0
42,1212,AU35CH,Mercedes,Intouro,Barraqueiro Transportes SA,2,6,20221027,51,32,0,1,0
42,1213,AU36CH,Mercedes,Intouro,Barraqueiro Transportes SA,2,6,20221027,51,32,0,1,0
42,1214,AU20FV,Mercedes,Intouro,Barraqueiro Transportes SA,2,6,20221102,51,32,0,1,0
42,1215,AU28FV,Mercedes,Intouro,Barraqueiro Transportes SA,2,6,20221102,51,32,0,1,0
42,1216,AU70JG,Mercedes,Intouro,Barraqueiro Transportes SA,2,6,20221109,51,32,0,1,0
42,1217,AU69JG,Mercedes,Intouro,Barraqueiro Transportes SA,2,6,20221109,51,32,0,1,0
42,1218,AU68JG,Mercedes,Intouro,Barraqueiro Transportes SA,2,6,20221109,51,32,0,1,0
42,1251,AU18FV,Mercedes,Intouro M,Barraqueiro Transportes SA,2,6,20221102,57,32,0,1,0
42,1252,AU21FV,Mercedes,Intouro M,Barraqueiro Transportes SA,2,6,20221102,57,32,0,1,0
42,1253,AU66DS,Mercedes,Intouro M,Barraqueiro Transportes SA,2,6,20221028,57,32,0,1,0
42,1254,AU73DS,Mercedes,Intouro M,Barraqueiro Transportes SA,2,6,20221028,57,32,0,1,0
42,1255,AU91GM,Mercedes,Intouro M,Barraqueiro Transportes SA,2,6,20221103,57,32,0,1,0
42,1256,AU93GM,Mercedes,Intouro M,Barraqueiro Transportes SA,2,6,20221103,57,32,0,1,0
42,1257,AU71JG,Mercedes,Itrabus,Barraqueiro Transportes SA,2,6,20221109,57,32,0,1,0
42,1270,AS45TI,Caetano,Itrabus,Barraqueiro Transportes SA,2,6,20220822,24,9,0,1,1
42,1271,AS44TI,Caetano,Itrabus,Barraqueiro Transportes SA,2,6,20220822,24,9,0,1,1
42,1272,AS14XJ,Caetano,Itrabus,Barraqueiro Transportes SA,2,6,20220829,24,9,0,1,1
43,2003,AS10CQ,IVECO,Daily 70C21 Itrabus I,TST,2,6,20220901,24,9,0,1,1
43,2004,AR22VA,IVECO,Daily 70C21 Itrabus I,TST,2,6,20220901,24,9,0,1,1
43,2005,AR02ZE,IVECO,Daily 70C21 Itrabus I,TST,2,6,20220901,24,9,0,1,1
43,2006,AR20VA,IVECO,Daily 70C21 Itrabus I,TST,2,6,20220901,24,9,0,1,1
43,2008,AS07CQ,IVECO,Daily 70C21 Itrabus I,TST,2,6,20220901,24,9,0,1,1
43,2009,AS99CP,IVECO,Daily 70C21 Itrabus I,TST,2,6,20220901,24,9,0,1,1
43,2010,AS09CQ,IVECO,Daily 70C21 Itrabus I,TST,2,6,20220901,24,9,0,1,1
43,2011,AS97CP,IVECO,Daily 70C21 Itrabus I,TST,2,6,20220901,24,9,0,1,1
43,2012,AS03CQ,IVECO,Daily 70C21 Itrabus I,TST,2,6,20220901,24,9,0,1,1
43,2013,AS00CQ,IVECO,Daily 70C21 Itrabus I,TST,2,6,20220901,24,9,0,1,1
43,2015,AR96LE,IVECO,Daily 70C21 Itrabus I,TST,2,6,20220801,24,9,0,1,1
43,2023,AR23VA,IVECO,Daily 70C21 Itrabus I,TST,2,6,20220901,24,9,0,1,1
43,2024,AR30VA,IVECO,Daily 70C21 Itrabus I,TST,2,6,20220901,24,9,0,1,1
43,2027,AR15VA,IVECO,Daily 70C21 Itrabus I,TST,2,6,20220901,24,9,0,1,1
43,2200,AQ00GH,IVECO,Crossway Low Entry City,TST,2,6,20220701,39,55,0,1,0
43,2203,AQ43VG,IVECO,Crossway Low Entry City,TST,2,6,20220701,39,55,1,1,0
43,2204,AQ58VG,IVECO,Crossway Low Entry City,TST,2,6,20220701,39,55,1,1,0
43,2205,AQ20VG,IVECO,Crossway Low Entry City,TST,2,6,20220701,39,55,1,1,0
43,2206,AQ18VG,IVECO,Crossway Low Entry City,TST,2,6,20220701,39,55,0,1,0
43,2207,AQ78VG,IVECO,Crossway Low Entry City,TST,2,6,20220701,39,55,1,1,0
43,2209,AQ46VG,IVECO,Crossway Low Entry City,TST,2,6,20220701,39,55,1,1,0
43,2210,AQ68VG,IVECO,Crossway Low Entry City,TST,2,6,20220701,39,55,1,1,0
43,2211,AQ39VG,IVECO,Crossway Low Entry City,TST,2,6,20220701,39,55,1,1,0
43,2212,AQ15VG,IVECO,Crossway Low Entry City,TST,2,6,20220701,39,55,1,1,0
43,2213,AQ23VG,IVECO,Crossway Low Entry City,TST,2,6,20220701,39,55,1,1,0
43,2214,AQ75VG,IVECO,Crossway Low Entry City,TST,2,6,20220701,39,55,0,1,0
43,2215,AQ63VG,IVECO,Crossway Low Entry City,TST,2,6,20220701,39,55,1,1,0
43,2216,AQ69VG,IVECO,Crossway Low Entry City,TST,2,6,20220701,39,55,1,1,0
43,2217,AQ57VV,IVECO,Crossway Low Entry City,TST,2,6,20220701,39,55,1,1,0
43,2218,AQ70VV,IVECO,Crossway Low Entry City,TST,2,6,20220701,39,55,1,1,0
43,2219,AQ57VG,IVECO,Crossway Low Entry City,TST,2,6,20220701,39,55,1,1,0
43,2220,AQ74VV,IVECO,Crossway Low Entry City,TST,2,6,20220701,39,55,1,1,0
43,2221,AQ67VG,IVECO,Crossway Low Entry City,TST,2,6,20220701,39,55,1,1,0
43,2222,AQ69VV,IVECO,Crossway Low Entry City,TST,2,6,20220701,39,55,1,1,0
43,2223,AQ48VV,IVECO,Crossway Low Entry City,TST,2,6,20220701,39,55,1,1,0
43,2260,AQ29VG,IVECO,Crossway Low Entry City,TST,2,6,20220701,39,55,0,1,0
43,2286,AQ65VG,IVECO,Crossway Low Entry City,TST,2,6,20220701,39,55,0,1,0
43,2289,AQ68VV,IVECO,Crossway Low Entry City,TST,2,6,20220701,39,55,1,1,0
43,2290,AQ55VG,IVECO,Crossway Low Entry City,TST,2,6,20220701,39,55,0,1,0
43,2291,AR55FI,IVECO,Crossway Low Entry City,TST,2,6,20220801,39,55,0,1,0
43,2293,AR69FI,IVECO,Crossway Low Entry City,TST,2,6,20220801,39,55,0,1,0
43,2296,AQ53VG,IVECO,Crossway Low Entry City,TST,2,6,20220701,39,55,0,1,0
43,2299,AQ74VG,IVECO,Crossway Low Entry City,TST,2,6,20220701,39,55,0,1,0
43,2302,AQ37VV,IVECO,Crossway Low Entry City,TST,2,6,20220701,39,55,0,1,0
43,2303,AQ52VG,IVECO,Crossway Low Entry City,TST,2,6,20220701,39,55,0,1,0
43,2304,AQ28VG,IVECO,Crossway Low Entry City,TST,2,6,20220701,39,55,0,1,0
43,2311,AQ60VG,IVECO,Crossway Low Entry City,TST,2,6,20220701,39,55,0,1,0
43,2329,AR72GS,IVECO,Crossway Low Entry City,TST,2,6,20220801,39,55,0,1,0
43,2330,AR83GS,IVECO,Crossway Low Entry City,TST,2,6,20220801,39,55,0,1,0
43,2331,AR69GS,IVECO,Crossway Low Entry City,TST,2,6,20220801,39,55,0,1,0
43,2332,AR77GS,IVECO,Crossway Low Entry City,TST,2,6,20220801,39,55,0,1,0
43,2333,AR68GS,IVECO,Crossway Low Entry City,TST,2,6,20220801,39,55,0,1,0
43,2334,AR84GS,IVECO,Crossway Low Entry City,TST,2,6,20220801,39,55,0,1,0
43,2335,AR31LT,IVECO,Crossway Low Entry City,TST,2,6,20220801,39,55,0,1,0
43,2336,AR17LT,IVECO,Crossway Low Entry City,TST,2,6,20220801,39,55,0,1,0
43,2337,AR57GS,IVECO,Crossway Low Entry City,TST,2,6,20220801,39,55,0,1,0
43,2338,AR86GS,IVECO,Crossway Low Entry City,TST,2,6,20220801,39,55,0,1,0
43,2339,AR74GS,IVECO,Crossway Low Entry City,TST,2,6,20220801,39,55,0,1,0
43,2340,AR80GS,IVECO,Crossway Low Entry City,TST,2,6,20220801,39,55,1,1,0
43,2341,AR20LT,IVECO,Crossway Low Entry City,TST,2,6,20220801,39,55,0,1,0
43,2342,AR19LT,IVECO,Crossway Low Entry City,TST,2,6,20220801,39,55,0,1,0
43,2343,AR24LT,IVECO,Crossway Low Entry City,TST,2,6,20220801,39,55,0,1,0
43,2344,AR42NG,IVECO,Crossway Low Entry City,TST,2,6,20220801,39,55,0,1,0
43,2346,AR56BL,IVECO,Crossway Low Entry City,TST,2,6,20220701,39,55,0,1,0
43,2347,AR05OD,IVECO,Crossway Low Entry City,TST,2,6,20220801,39,55,0,1,0
43,2348,AR26LT,IVECO,Crossway Low Entry City,TST,2,6,20220801,39,55,0,1,0
43,2349,AR85GS,IVECO,Crossway Low Entry City,TST,2,6,20220801,39,55,0,1,0
43,2350,AR22LT,IVECO,Crossway Low Entry City,TST,2,6,20220801,39,55,0,1,0
43,2351,AR30LT,IVECO,Crossway Low Entry City,TST,2,6,20220801,39,55,0,1,0
43,2352,AR33LT,IVECO,Crossway Low Entry City,TST,2,6,20220801,39,55,1,1,0
43,2353,AR86OC,IVECO,Crossway Low Entry City,TST,2,6,20220801,39,55,0,1,0
43,2354,AR32LT,IVECO,Crossway Low Entry City,TST,2,6,20220801,39,55,0,1,0
43,2355,AR62BL,IVECO,Crossway Low Entry City,TST,2,6,20220701,39,55,0,1,0
43,2356,AR91OC,IVECO,Crossway Low Entry City,TST,2,6,20220801,39,55,0,1,0
43,2357,AR43BL,IVECO,Crossway Low Entry City,TST,2,6,20220701,39,55,0,1,0
43,2358,AR55BL,IVECO,Crossway Low Entry City,TST,2,6,20220701,39,55,0,1,0
43,2359,AR51BL,IVECO,Crossway Low Entry City,TST,2,6,20220701,39,55,0,1,0
43,2360,AR04OD,IVECO,Crossway Low Entry City,TST,2,6,20220801,39,55,0,1,0
43,2361,AR65BL,IVECO,Crossway Low Entry City,TST,2,6,20220701,39,55,0,1,0
43,2362,AR67FI,IVECO,Crossway Low Entry City,TST,2,6,20220801,39,55,0,1,0
43,2363,AR52BL,IVECO,Crossway Low Entry City,TST,2,6,20220701,39,55,0,1,0
43,2364,AR57BL,IVECO,Crossway Low Entry City,TST,2,6,20220701,39,55,0,1,0
43,2365,AR47BL,IVECO,Crossway Low Entry City,TST,2,6,20220701,39,55,0,1,0
43,2366,AR57FI,IVECO,Crossway Low Entry City,TST,2,6,20220801,39,55,0,1,0
43,2367,AR44BL,IVECO,Crossway Low Entry City,TST,2,6,20220701,39,55,0,1,0
43,2368,AR73GS,IVECO,Crossway Low Entry City,TST,2,6,20220801,39,55,0,1,0
43,2369,AR44NG,IVECO,Crossway Low Entry City,TST,2,6,20220801,39,55,0,1,0
43,2370,AR59GS,IVECO,Crossway Low Entry City,TST,2,6,20220801,39,55,0,1,0
43,2371,AR63GS,IVECO,Crossway Low Entry City,TST,2,6,20220801,39,55,0,1,0
43,2372,AR79FI,IVECO,Crossway Low Entry City,TST,2,6,20220801,39,55,0,1,0
43,2373,AR68FI,IVECO,Crossway Low Entry City,TST,2,6,20220801,39,55,0,1,0
43,2374,AR60FI,IVECO,Crossway Low Entry City,TST,2,6,20220801,39,55,0,1,0
43,2375,AR63FI,IVECO,Crossway Low Entry City,TST,2,6,20220801,39,55,0,1,0
43,2376,AR58FI,IVECO,Crossway Low Entry City,TST,2,6,20220801,39,55,0,1,0
43,2377,AR69BL,IVECO,Crossway Low Entry City,TST,2,6,20220701,39,55,1,1,0
43,2378,AR50BL,IVECO,Crossway Low Entry City,TST,2,6,20220701,39,55,0,1,0
43,2379,AR67BL,IVECO,Crossway Low Entry City,TST,2,6,20220701,39,55,0,1,0
43,2380,AR60BL,IVECO,Crossway Low Entry City,TST,2,6,20220701,39,55,0,1,0
43,2381,AR56FI,IVECO,Crossway Low Entry City,TST,2,6,20220801,39,55,0,1,0
43,2382,AR71BL,IVECO,Crossway Low Entry City,TST,2,6,20220701,39,55,0,1,0
43,2383,AR54FI,IVECO,Crossway Low Entry City,TST,2,6,20220801,39,55,0,1,0
43,2384,AR73FI,IVECO,Crossway Low Entry City,TST,2,6,20220801,39,55,0,1,0
43,2385,AR77FI,IVECO,Crossway Low Entry City,TST,2,6,20220801,39,55,0,1,0
43,2386,AR52GS,IVECO,Crossway Low Entry City,TST,2,6,20220801,39,55,0,1,0
43,2387,AR61GS,IVECO,Crossway Low Entry City,TST,2,6,20220801,39,55,0,1,0
43,2388,AR61FI,IVECO,Crossway Low Entry City,TST,2,6,20220801,39,55,0,1,0
43,2389,AR76FI,IVECO,Crossway Low Entry City,TST,2,6,20220801,39,55,0,1,0
43,2390,AR74FI,IVECO,Crossway Low Entry City,TST,2,6,20220801,39,55,0,1,0
43,2391,AR62FI,IVECO,Crossway Low Entry City,TST,2,6,20220801,39,55,0,1,0
43,2392,AR71FI,IVECO,Crossway Low Entry City,TST,2,6,20220801,39,55,0,1,0
43,2393,AR72FI,IVECO,Crossway Low Entry City,TST,2,6,20220801,39,55,0,1,0
43,758,21SN28,MAN,A78 (LION CITY),TST,2,6,20090201,40,43,0,1,0
43,14,02VD72,MERCEDES,519 CDI,TST,2,6,20180901,15,10,0,1,0
43,15,36VG37,MERCEDES,519 CDI,TST,2,6,20181001,15,10,0,1,0
43,16,37VG71,MERCEDES,519 CDI,TST,2,6,20181001,15,10,0,1,0
43,2000,AS96CP,IVECO,Daily 70C21 Itrabus I,TST,2,6,20220901,24,9,0,1,1
43,2001,AS11CQ,IVECO,Daily 70C21 Itrabus I,TST,2,6,20220901,24,9,0,1,1
43,2014,AR78LE,IVECO,Daily 70C21 Itrabus I,TST,2,6,20220801,24,9,0,1,1
43,2016,AR03LF,IVECO,Daily 70C21 Itrabus I,TST,2,6,20220801,24,9,0,1,1
43,2017,AR31VA,IVECO,Daily 70C21 Itrabus I,TST,2,6,20220901,24,9,0,1,1
43,2018,AR24VA,IVECO,Daily 70C21 Itrabus I,TST,2,6,20220901,24,9,0,1,1
43,2019,AR18VA,IVECO,Daily 70C21 Itrabus I,TST,2,6,20220901,24,9,0,1,1
43,2020,AR81LE,IVECO,Daily 70C21 Itrabus I,TST,2,6,20220801,24,9,0,1,1
43,2021,AR25VA,IVECO,Daily 70C21 Itrabus I,TST,2,6,20220901,24,9,0,1,1
43,2022,AR35VA,IVECO,Daily 70C21 Itrabus I,TST,2,6,20220901,24,9,0,1,1
43,2025,AR33VA,IVECO,Daily 70C21 Itrabus I,TST,2,6,20220901,24,9,0,1,1
43,2029,AR10LF,IVECO,Daily 70C21 Itrabus I,TST,2,6,20220801,24,9,0,1,1
43,2030,AR79LE,IVECO,Daily 70C21 Itrabus I,TST,2,6,20220801,24,9,0,1,1
43,2031,AR82LE,IVECO,Daily 70C21 Itrabus I,TST,2,6,20220801,24,9,0,1,1
43,2032,AR00LF,IVECO,Daily 70C21 Itrabus I,TST,2,6,20220801,24,9,0,1,1
43,2034,AR93LE,IVECO,Daily 70C21 Itrabus I,TST,2,6,20220801,24,9,0,1,1
43,2036,AR34VA,IVECO,Daily 70C21 Itrabus I,TST,2,6,20220901,24,9,0,1,1
43,2037,AS06CQ,IVECO,Daily 70C21 Itrabus I,TST,2,6,20220901,24,9,0,1,1
43,2038,AR05LF,IVECO,Daily 70C21 Itrabus I,TST,2,6,20220801,24,9,0,1,1
43,2039,AR80LE,IVECO,Daily 70C21 Itrabus I,TST,2,6,20220801,24,9,0,1,1
43,2040,AR92LE,IVECO,Daily 70C21 Itrabus I,TST,2,6,20220801,24,9,0,1,1
43,2041,AS08CQ,IVECO,Daily 70C21 Itrabus I,TST,2,6,20220901,24,9,0,1,1
43,2042,AS14CQ,IVECO,Daily 70C21 Itrabus I,TST,2,6,20220901,24,9,0,1,1
43,2043,AS12CQ,IVECO,Daily 70C21 Itrabus I,TST,2,6,20220901,24,9,0,1,1
43,2044,AS01CQ,IVECO,Daily 70C21 Itrabus I,TST,2,6,20220901,24,9,0,1,1
43,2045,AS98CP,IVECO,Daily 70C21 Itrabus I,TST,2,6,20220901,24,9,0,1,1
43,2080,AS40GC,IVECO,Daily 70C21 Itrabus II,TST,2,6,20220901,24,9,0,1,1
43,2081,AS50GC,IVECO,Daily 70C21 Itrabus II,TST,2,6,20220901,24,9,0,1,1
43,2082,AS36GC,IVECO,Daily 70C21 Itrabus II,TST,2,6,20220901,24,9,0,1,1
43,2083,AS31GC,IVECO,Daily 70C21 Itrabus II,TST,2,6,20220901,24,9,0,1,1
43,2084,AS49GC,IVECO,Daily 70C21 Itrabus II,TST,2,6,20220901,24,9,0,1,1
43,2085,AS35GC,IVECO,Daily 70C21 Itrabus II,TST,2,6,20220901,24,9,0,1,1
43,2086,AS39GC,IVECO,Daily 70C21 Itrabus II,TST,2,6,20220901,24,9,0,1,1
43,2087,AS32GC,IVECO,Daily 70C21 Itrabus II,TST,2,6,20220901,24,9,0,1,1
43,2118,AR16LT,IVECO,Crossway Low Entry Line,TST,2,6,20220801,45,30,0,1,0
43,2119,AR21LT,IVECO,Crossway Low Entry Line,TST,2,6,20220801,45,30,0,1,0
43,2120,AR25LT,IVECO,Crossway Low Entry Line,TST,2,6,20220801,45,30,0,1,0
43,2121,AR08OD,IVECO,Crossway Low Entry Line,TST,2,6,20220801,45,30,0,1,0
43,2122,AR09OD,IVECO,Crossway Low Entry Line,TST,2,6,20220801,45,30,0,1,0
43,2123,AR90OC,IVECO,Crossway Low Entry Line,TST,2,6,20220801,45,30,0,1,0
43,2124,AR95OC,IVECO,Crossway Low Entry Line,TST,2,6,20220801,45,30,0,1,0
43,2201,AQ13VG,IVECO,Crossway Low Entry City,TST,2,6,20220701,39,55,1,1,0
43,2202,AQ06VG,IVECO,Crossway Low Entry City,TST,2,6,20220701,39,55,1,1,0
43,2208,AQ47VG,IVECO,Crossway Low Entry City,TST,2,6,20220701,39,55,1,1,0
43,2224,AQ58VV,IVECO,Crossway Low Entry City,TST,2,6,20220701,39,55,1,1,0
43,2225,AQ44VG,IVECO,Crossway Low Entry City,TST,2,6,20220701,39,55,1,1,0
43,2226,AQ43VV,IVECO,Crossway Low Entry City,TST,2,6,20220701,39,55,1,1,0
43,2227,AQ54VG,IVECO,Crossway Low Entry City,TST,2,6,20220701,39,55,1,1,0
43,2228,AQ61VV,IVECO,Crossway Low Entry City,TST,2,6,20220701,39,55,1,1,0
43,2229,AQ38VG,IVECO,Crossway Low Entry City,TST,2,6,20220701,39,55,1,1,0
43,2230,AQ08VG,IVECO,Crossway Low Entry City,TST,2,6,20220701,39,55,1,1,0
43,2231,AQ32VG,IVECO,Crossway Low Entry City,TST,2,6,20220701,39,55,1,1,0
43,2232,AQ65VV,IVECO,Crossway Low Entry City,TST,2,6,20220701,39,55,1,1,0
43,2233,AQ42VV,IVECO,Crossway Low Entry City,TST,2,6,20220701,39,55,1,1,0
43,2234,AQ35VV,IVECO,Crossway Low Entry City,TST,2,6,20220701,39,55,1,1,0
43,2235,AQ59VV,IVECO,Crossway Low Entry City,TST,2,6,20220701,39,55,0,1,0
43,2236,AQ47VV,IVECO,Crossway Low Entry City,TST,2,6,20220701,39,55,1,1,0
43,2237,AQ50VV,IVECO,Crossway Low Entry City,TST,2,6,20220701,39,55,0,1,0
43,2238,AQ41VG,IVECO,Crossway Low Entry City,TST,2,6,20220701,39,55,0,1,0
43,2239,AQ76VG,IVECO,Crossway Low Entry City,TST,2,6,20220701,39,55,1,1,0
43,2240,AQ36VV,IVECO,Crossway Low Entry City,TST,2,6,20220701,39,55,0,1,0
43,2241,AQ77VG,IVECO,Crossway Low Entry City,TST,2,6,20220701,39,55,0,1,0
43,2242,AQ27VG,IVECO,Crossway Low Entry City,TST,2,6,20220701,39,55,0,1,0
43,2243,AQ50VG,IVECO,Crossway Low Entry City,TST,2,6,20220701,39,55,0,1,0
43,2244,AQ26VG,IVECO,Crossway Low Entry City,TST,2,6,20220701,39,55,0,1,0
43,2245,AQ12VG,IVECO,Crossway Low Entry City,TST,2,6,20220701,39,55,0,1,0
43,2246,AQ07VG,IVECO,Crossway Low Entry City,TST,2,6,20220701,39,55,0,1,0
43,2247,AQ56VV,IVECO,Crossway Low Entry City,TST,2,6,20220701,39,55,0,1,0
43,2248,AQ05VG,IVECO,Crossway Low Entry City,TST,2,6,20220701,39,55,0,1,0
43,2249,AQ62VG,IVECO,Crossway Low Entry City,TST,2,6,20220701,39,55,0,1,0
43,2250,AQ73VG,IVECO,Crossway Low Entry City,TST,2,6,20220701,39,55,0,1,0
43,2251,AQ22VG,IVECO,Crossway Low Entry City,TST,2,6,20220701,39,55,0,1,0
43,2252,AQ66VG,IVECO,Crossway Low Entry City,TST,2,6,20220701,39,55,0,1,0
43,2253,AQ51VG,IVECO,Crossway Low Entry City,TST,2,6,20220701,39,55,0,1,0
43,2254,AQ61VG,IVECO,Crossway Low Entry City,TST,2,6,20220701,39,55,0,1,0
43,2255,AQ33VG,IVECO,Crossway Low Entry City,TST,2,6,20220701,39,55,0,1,0
43,2256,AQ42VG,IVECO,Crossway Low Entry City,TST,2,6,20220701,39,55,0,1,0
43,2257,AQ31VG,IVECO,Crossway Low Entry City,TST,2,6,20220701,39,55,0,1,0
43,2258,AQ11VG,IVECO,Crossway Low Entry City,TST,2,6,20220701,39,55,0,1,0
43,2259,AQ49VG,IVECO,Crossway Low Entry City,TST,2,6,20220701,39,55,0,1,0
43,2261,AQ16VG,IVECO,Crossway Low Entry City,TST,2,6,20220701,39,55,0,1,0
43,2262,AQ72VG,IVECO,Crossway Low Entry City,TST,2,6,20220701,39,55,0,1,0
43,2263,AQ45VG,IVECO,Crossway Low Entry City,TST,2,6,20220701,39,55,0,1,0
43,2264,AQ37VG,IVECO,Crossway Low Entry City,TST,2,6,20220701,39,55,0,1,0
43,2265,AQ30VG,IVECO,Crossway Low Entry City,TST,2,6,20220701,39,55,0,1,0
43,2266,AQ40VG,IVECO,Crossway Low Entry City,TST,2,6,20220701,39,55,0,1,0
43,2267,AQ64VG,IVECO,Crossway Low Entry City,TST,2,6,20220701,39,55,0,1,0
43,2268,AQ66VV,IVECO,Crossway Low Entry City,TST,2,6,20220701,39,55,0,1,0
43,2269,AQ10VG,IVECO,Crossway Low Entry City,TST,2,6,20220701,39,55,0,1,0
43,2270,AQ35VG,IVECO,Crossway Low Entry City,TST,2,6,20220701,39,55,0,1,0
43,2271,AQ17VG,IVECO,Crossway Low Entry City,TST,2,6,20220701,39,55,0,1,0
43,2272,AQ19VG,IVECO,Crossway Low Entry City,TST,2,6,20220701,39,55,0,1,0
43,2273,AQ14VG,IVECO,Crossway Low Entry City,TST,2,6,20220701,39,55,0,1,0
43,2274,AQ09VG,IVECO,Crossway Low Entry City,TST,2,6,20220701,39,55,0,1,0
43,2275,AQ24VG,IVECO,Crossway Low Entry City,TST,2,6,20220701,39,55,0,1,0
43,2276,AQ46VV,IVECO,Crossway Low Entry City,TST,2,6,20220701,39,55,0,1,0
43,2277,AR59FI,IVECO,Crossway Low Entry City,TST,2,6,20220801,39,55,0,1,0
43,2278,AQ21VG,IVECO,Crossway Low Entry City,TST,2,6,20220701,39,55,0,1,0
43,2279,AQ71VG,IVECO,Crossway Low Entry City,TST,2,6,20220701,39,55,0,1,0
43,2280,AQ25VG,IVECO,Crossway Low Entry City,TST,2,6,20220701,39,55,0,1,0
43,2281,AQ48VG,IVECO,Crossway Low Entry City,TST,2,6,20220701,39,55,0,1,0
43,2282,AR64FI,IVECO,Crossway Low Entry City,TST,2,6,20220801,39,55,0,1,0
43,2283,AQ49VV,IVECO,Crossway Low Entry City,TST,2,6,20220701,39,55,0,1,0
43,2284,AQ38VV,IVECO,Crossway Low Entry City,TST,2,6,20220701,39,55,0,1,0
43,2285,AQ45VV,IVECO,Crossway Low Entry City,TST,2,6,20220701,39,55,0,1,0
43,2287,AQ64VV,IVECO,Crossway Low Entry City,TST,2,6,20220701,39,55,0,1,0
43,2288,AQ63VV,IVECO,Crossway Low Entry City,TST,2,6,20220701,39,55,0,1,0
43,2292,AR58BL,IVECO,Crossway Low Entry City,TST,2,6,20220701,39,55,0,1,0
43,2294,AR59BL,IVECO,Crossway Low Entry City,TST,2,6,20220701,39,55,0,1,0
43,2295,AR61BL,IVECO,Crossway Low Entry City,TST,2,6,20220701,39,55,0,1,0
43,2297,AQ40VV,IVECO,Crossway Low Entry City,TST,2,6,20220701,39,55,0,1,0
43,2298,AQ67VV,IVECO,Crossway Low Entry City,TST,2,6,20220701,39,55,0,1,0
43,2300,AR65FI,IVECO,Crossway Low Entry City,TST,2,6,20220801,39,55,0,1,0
43,2301,AQ39VV,IVECO,Crossway Low Entry City,TST,2,6,20220701,39,55,0,1,0
43,2305,AQ34VV,IVECO,Crossway Low Entry City,TST,2,6,20220701,39,55,0,1,0
43,2306,AR53BL,IVECO,Crossway Low Entry City,TST,2,6,20220701,39,55,0,1,0
43,2307,AQ62VV,IVECO,Crossway Low Entry City,TST,2,6,20220701,39,55,0,1,0
43,2308,AQ72VV,IVECO,Crossway Low Entry City,TST,2,6,20220701,39,55,0,1,0
43,2309,AR48BL,IVECO,Crossway Low Entry City,TST,2,6,20220701,39,55,0,1,0
43,2310,AQ71VV,IVECO,Crossway Low Entry City,TST,2,6,20220701,39,55,0,1,0
43,2312,AQ59VG,IVECO,Crossway Low Entry City,TST,2,6,20220701,39,55,0,1,0
43,2313,AR55GS,IVECO,Crossway Low Entry City,TST,2,6,20220801,39,55,0,1,0
43,2314,AR07OD,IVECO,Crossway Low Entry City,TST,2,6,20220801,39,55,0,1,0
43,2315,AR98OC,IVECO,Crossway Low Entry City,TST,2,6,20220801,39,55,0,1,0
43,2316,AR75GS,IVECO,Crossway Low Entry City,TST,2,6,20220801,39,55,0,1,0
43,2317,AR87GS,IVECO,Crossway Low Entry City,TST,2,6,20220801,39,55,0,1,0
43,2318,AR51GS,IVECO,Crossway Low Entry City,TST,2,6,20220801,39,55,0,1,0
43,2319,AR56GS,IVECO,Crossway Low Entry City,TST,2,6,20220801,39,55,0,1,0
43,2320,AQ36VG,IVECO,Crossway Low Entry City,TST,2,6,20220701,39,55,0,1,0
43,2321,AQ51VV,IVECO,Crossway Low Entry City,TST,2,6,20220701,39,55,0,1,0
43,2322,AQ54VV,IVECO,Crossway Low Entry City,TST,2,6,20220701,39,55,0,1,0
43,2323,AR54GS,IVECO,Crossway Low Entry City,TST,2,6,20220801,39,55,0,1,0
43,2324,AQ33VV,IVECO,Crossway Low Entry City,TST,2,6,20220701,39,55,0,1,0
43,2325,AR79GS,IVECO,Crossway Low Entry City,TST,2,6,20220801,39,55,0,1,0
43,2326,AR62GS,IVECO,Crossway Low Entry City,TST,2,6,20220801,39,55,0,1,0
43,2327,AR93OC,IVECO,Crossway Low Entry City,TST,2,6,20220801,39,55,0,1,0
43,2328,AR58GS,IVECO,Crossway Low Entry City,TST,2,6,20220801,39,55,0,1,0
43,2345,AR00OD,IVECO,Crossway Low Entry City,TST,2,6,20220801,39,55,0,1,0
43,741,87SI81,MAN,A78 (LION CITY),TST,2,6,20090201,40,43,0,1,0
43,11,03VD29,MERCEDES,519 CDI,TST,2,6,20180901,15,10,0,1,0
43,12,06VD64,MERCEDES,519 CDI,TST,2,6,20180901,15,10,0,1,0
43,13,04VD76,MERCEDES,519 CDI,TST,2,6,20180901,15,10,0,1,0
43,2007,AR13VA,IVECO,Daily 70C21 Itrabus I,TST,2,6,20220901,24,9,0,1,1
43,2026,AR17VA,IVECO,Daily 70C21 Itrabus I,TST,2,6,20220901,24,9,0,1,1
43,2033,AR01LF,IVECO,Daily 70C21 Itrabus I,TST,2,6,20220801,24,9,0,1,1
43,2035,AR32VA,IVECO,Daily 70C21 Itrabus I,TST,2,6,20220901,24,9,0,1,1
43,2100,AQ34VG,IVECO,Crossway Low Entry Line,TST,2,6,20220701,45,30,0,1,0
43,2101,AR09LF,IVECO,Crossway Low Entry Line,TST,2,6,20220801,45,30,0,1,0
43,2102,AR98LE,IVECO,Crossway Low Entry Line,TST,2,6,20220801,45,30,0,1,0
43,2103,AR97LE,IVECO,Crossway Low Entry Line,TST,2,6,20220801,45,30,0,1,0
43,2104,AR11LF,IVECO,Crossway Low Entry Line,TST,2,6,20220801,45,30,0,1,0
43,2105,AR91LE,IVECO,Crossway Low Entry Line,TST,2,6,20220801,45,30,0,1,0
43,2106,AR76LE,IVECO,Crossway Low Entry Line,TST,2,6,20220801,45,30,0,1,0
43,2107,AR06LF,IVECO,Crossway Low Entry Line,TST,2,6,20220801,45,30,0,1,0
43,2108,AR90LE,IVECO,Crossway Low Entry Line,TST,2,6,20220801,45,30,0,1,0
43,2109,AR29LT,IVECO,Crossway Low Entry Line,TST,2,6,20220801,45,30,0,1,0
43,2110,AR08LF,IVECO,Crossway Low Entry Line,TST,2,6,20220801,45,30,0,1,0
43,2111,AR85LE,IVECO,Crossway Low Entry Line,TST,2,6,20220801,45,30,0,1,0
43,2112,AR94LE,IVECO,Crossway Low Entry Line,TST,2,6,20220801,45,30,0,1,0
43,2113,AR04LF,IVECO,Crossway Low Entry Line,TST,2,6,20220801,45,30,0,1,0
43,2114,AR87LE,IVECO,Crossway Low Entry Line,TST,2,6,20220801,45,30,0,1,0
43,2115,AR84LE,IVECO,Crossway Low Entry Line,TST,2,6,20220801,45,30,0,1,0
43,2116,AR02LF,IVECO,Crossway Low Entry Line,TST,2,6,20220801,45,30,0,1,0
43,2117,AR07LF,IVECO,Crossway Low Entry Line,TST,2,6,20220801,45,30,0,1,0
43,221,48SI29,MERCEDES,O 550 (INTEGRO),TST,2,5,20090401,53,32,0,0,0
43,2600,AQ75VV,IVECO,Crossway Low Entry City GNC,TST,8,6,20220701,38,50,0,1,0
43,2601,AR63BL,IVECO,Crossway Low Entry City GNC,TST,8,6,20220701,38,50,0,1,0
43,2602,AR71GS,IVECO,Crossway Low Entry City GNC,TST,8,6,20220801,38,50,0,1,0
43,2603,AQ55VV,IVECO,Crossway Low Entry City GNC,TST,8,6,20220701,38,50,0,1,0
43,2604,AQ53VV,IVECO,Crossway Low Entry City GNC,TST,8,6,20220701,38,50,0,1,0
43,2605,AQ44VV,IVECO,Crossway Low Entry City GNC,TST,8,6,20220701,38,50,0,1,0
43,2606,AQ60VV,IVECO,Crossway Low Entry City GNC,TST,8,6,20220701,38,50,0,1,0
43,2607,AQ52VV,IVECO,Crossway Low Entry City GNC,TST,8,6,20220701,38,50,0,1,0
43,2608,AR54BL,IVECO,Crossway Low Entry City GNC,TST,8,6,20220701,38,50,0,1,0
43,2609,AQ41VV,IVECO,Crossway Low Entry City GNC,TST,8,6,20220701,38,50,0,1,0
43,2610,AR66FI,IVECO,Crossway Low Entry City GNC,TST,8,6,20220801,38,50,0,1,0
43,2611,AQ73VV,IVECO,Crossway Low Entry City GNC,TST,8,6,20220701,38,50,0,1,0
43,2612,AR64BL,IVECO,Crossway Low Entry City GNC,TST,8,6,20220701,38,50,0,1,0
43,2613,AR02OD,IVECO,Crossway Low Entry City GNC,TST,8,6,20220801,38,50,0,1,0
43,2614,AR10OD,IVECO,Crossway Low Entry City GNC,TST,8,6,20220801,38,50,0,1,0
43,2615,AR06OD,IVECO,Crossway Low Entry City GNC,TST,8,6,20220801,38,50,0,1,0
43,2616,AR88OC,IVECO,Crossway Low Entry City GNC,TST,8,6,20220801,38,50,0,1,0
43,348,86XN94,MERCEDES,O 550 (INTEGRO),TST,2,5,20101101,55,24,0,0,0
43,349,07UR75,MERCEDES,O 550 (INTEGRO),TST,2,5,20100101,53,21,0,0,0
43,356,07UR31,MERCEDES,O 550 (INTEGRO),TST,2,5,20100101,53,21,0,0,0
43,360,07UR86,MERCEDES,O 550 (INTEGRO),TST,2,5,20100101,53,21,0,0,0
43,361,08UR16,MERCEDES,O 550 (INTEGRO),TST,2,5,20100101,53,21,0,0,0
43,565,03SM35,SETRA,S415NF,TST,2,5,20090401,42,26,0,1,0
43,638,03SM42,MERCEDES,O 530 (CITARO),TST,2,5,20090201,41,25,0,1,0
43,639,03SM33,MERCEDES,O 530 (CITARO),TST,2,5,20100701,40,25,0,1,0
43,641,84SM84,MERCEDES,O 530 (CITARO),TST,2,5,20100701,40,25,0,1,0
43,642,84SM82,MERCEDES,O 530 (CITARO),TST,2,5,20100701,40,25,0,1,0
43,643,28SU53,MERCEDES,O 530 (CITARO),TST,2,5,20090201,41,25,0,1,0
43,644,21TA25,MERCEDES,O 530 (CITARO),TST,2,5,20090201,40,25,0,1,0
43,661,31LE50,MERCEDES,O 530 (CITARO),TST,2,5,20110201,34,71,0,1,0
43,662,48MP97,MERCEDES,O 530 (CITARO),TST,2,5,20120301,34,71,0,1,0
43,663,48MP98,MERCEDES,O 530 (CITARO),TST,2,5,20120301,34,71,0,1,0
43,664,48MP99,MERCEDES,O 530 (CITARO),TST,2,5,20120301,34,71,0,1,0
43,665,49MP00,MERCEDES,O 530 (CITARO),TST,2,5,20120301,34,71,0,1,0
43,666,49MP01,MERCEDES,O 530 (CITARO),TST,2,5,20120301,34,71,0,1,0
43,667,49MP02,MERCEDES,O 530 (CITARO),TST,2,5,20120301,34,71,0,1,0
43,668,49MP03,MERCEDES,O 530 (CITARO),TST,2,5,20120301,34,71,0,1,0
43,669,49MP04,MERCEDES,O 530 (CITARO),TST,2,5,20120301,34,71,0,1,0
43,670,49MP05,MERCEDES,O 530 (CITARO),TST,2,5,20120301,34,71,0,1,0
43,671,66VP56,MERCEDES,O 530 (CITARO),TST,2,5,20090601,33,54,0,1,0
43,672,68VP52,MERCEDES,O 530 (CITARO),TST,2,5,20090601,33,54,0,1,0
43,673,69VP81,MERCEDES,O 530 (CITARO),TST,2,5,20090601,33,54,0,1,0
43,674,67VP85,MERCEDES,O 530 (CITARO),TST,2,5,20090601,33,54,0,1,0
43,749,46SJ53,MAN,A78 (LION CITY),TST,2,6,20090201,40,43,0,1,0